shipment_id,distance_km,weight_kg,volume_units,transport_mode,region,priority,delivery_time_days
W4-0000,178,120.4,53,Rail,West,Standard,5.38
W4-0001,1397,190.8,73,Air,South,Express,4.09
W4-0002,1185,226.0,19,Air,South,Standard,6.22
W4-0003,801,180.7,75,Air,North,Standard,4.4
W4-0004,790,240.9,111,Air,North,Standard,4.95
W4-0005,1548,195.9,17,Road,East,Standard,10.24
W4-0006,172,217.0,39,Rail,Central,Standard,3.73
W4-0007,1261,30.3,83,Road,South,Standard,8.86
W4-0008,378,183.6,74,Road,East,Standard,4.86
W4-0009,187,111.1,81,Sea,Central,Standard,7.29
W4-0010,957,139.2,67,Rail,West,Standard,8.6
W4-0011,1756,164.2,82,Sea,North,Standard,11.21
W4-0012,1329,242.5,73,Road,East,Standard,7.51
W4-0013,1374,246.2,9,Road,North,Standard,6.75
W4-0014,1297,73.5,90,Road,South,Standard,9.67
W4-0015,1419,184.0,54,Road,South,Standard,10.62
W4-0016,933,188.0,7,Road,West,Standard,7.3
W4-0017,248,87.9,49,Road,North,Standard,3.82
W4-0018,1514,32.7,52,Road,South,Express,7.81
W4-0019,821,12.2,11,Sea,South,Standard,10.44
W4-0020,910,194.8,119,Road,South,Standard,8.41
W4-0021,680,123.4,27,Road,West,Standard,7.72
W4-0022,344,246.4,40,Air,South,Standard,3.44
W4-0023,1669,117.3,53,Road,South,Standard,9.32
W4-0024,1411,244.5,100,Sea,East,Standard,11.22
W4-0025,1166,104.1,89,Rail,West,Express,8.14
W4-0026,736,198.8,92,Road,North,Standard,5.97
W4-0027,1484,23.0,29,Rail,Central,Standard,7.39
W4-0028,990,139.8,101,Rail,Central,Standard,8.99
W4-0029,809,200.9,99,Air,West,Standard,7.01
W4-0030,821,231.3,56,Air,East,Express,5.31
W4-0031,424,206.0,65,Rail,West,Standard,8.81
W4-0032,184,11.2,5,Rail,East,Standard,5.1
W4-0033,1007,94.4,91,Road,South,Standard,7.72
W4-0034,1600,14.1,115,Rail,South,Standard,11.87
W4-0035,133,29.1,57,Sea,North,Standard,6.71
W4-0036,1547,169.5,65,Rail,Central,Standard,8.11
W4-0037,1493,178.9,60,Rail,South,Express,7.57
W4-0038,512,193.9,10,Road,South,Standard,6.45
W4-0039,1144,216.6,74,Air,Central,Standard,5.45
W4-0040,314,185.4,86,Sea,East,Standard,7.4
W4-0041,1369,200.6,111,Road,West,Express,9.01
W4-0042,1266,14.1,111,Road,South,Standard,9.55
W4-0043,651,60.2,59,Road,South,Standard,7.97
W4-0044,140,156.2,115,Road,West,Standard,4.03
W4-0045,1747,214.8,63,Rail,East,Standard,10.44
W4-0046,813,3.1,77,Road,North,Express,5.76
W4-0047,1609,129.6,72,Road,Central,Standard,6.93
W4-0048,1226,170.0,119,Rail,East,Standard,8.74
W4-0049,1405,9.3,88,Rail,West,Express,7.33
W4-0050,1372,101.5,15,Rail,South,Standard,8.92
W4-0051,366,224.1,9,Rail,East,Standard,7.55
W4-0052,667,168.6,49,Rail,West,Standard,9.4
W4-0053,850,60.9,62,Air,Central,Standard,3.59
W4-0054,906,213.5,80,Rail,South,Express,7.9
W4-0055,97,88.3,58,Road,West,Standard,5.59
W4-0056,992,213.6,62,Rail,Central,Standard,8.07
W4-0057,294,76.1,110,Road,West,Standard,6.54
W4-0058,1343,148.4,40,Road,North,Express,6.61
W4-0059,1235,100.4,59,Road,North,Standard,9.15
W4-0060,1662,70.2,67,Air,South,Express,7.42
W4-0061,1345,221.9,56,Rail,North,Express,6.4
W4-0062,672,48.5,116,Road,West,Standard,7.95
W4-0063,1742,23.0,115,Rail,Central,Express,9.5
W4-0064,751,86.8,62,Road,East,Standard,6.81
W4-0065,599,180.0,54,Air,East,Standard,5.52
W4-0066,1631,202.2,71,Air,West,Standard,7.84
W4-0067,679,249.7,22,Rail,East,Express,5.85
W4-0068,155,75.5,51,Rail,East,Standard,5.69
W4-0069,855,103.2,26,Road,East,Standard,4.35
W4-0070,1436,35.9,18,Road,South,Express,6.79
W4-0071,357,144.6,12,Air,North,Standard,2.2
W4-0072,844,249.4,70,Rail,East,Express,5.47
W4-0073,251,175.8,1,Road,Central,Express,4.26
W4-0074,1241,149.6,77,Road,North,Standard,8.29
W4-0075,866,99.3,52,Road,South,Standard,7.17
W4-0076,607,229.0,44,Road,South,Standard,6.12
W4-0077,423,125.2,92,Road,Central,Express,4.56
W4-0078,1024,35.3,65,Road,East,Standard,8.14
W4-0079,1212,92.6,88,Sea,East,Standard,8.8
W4-0080,1693,18.7,85,Road,West,Standard,9.41
W4-0081,798,52.1,4,Road,South,Standard,7.22
W4-0082,306,6.4,26,Road,West,Standard,3.09
W4-0083,1502,114.4,68,Road,North,Standard,8.24
W4-0084,1140,159.4,117,Air,North,Express,4.49
W4-0085,1266,87.1,19,Road,Central,Standard,6.7
W4-0086,193,106.3,13,Air,West,Express,1.17
W4-0087,576,239.9,112,Air,North,Standard,4.98
W4-0088,1386,188.5,116,Road,East,Express,9.64
W4-0089,1501,136.1,20,Rail,North,Standard,8.24
W4-0090,794,72.6,48,Sea,West,Standard,8.6
W4-0091,1452,224.5,75,Road,West,Standard,11.06
W4-0092,1518,60.3,24,Road,South,Standard,7.95
W4-0093,709,82.7,39,Sea,South,Standard,10.01
W4-0094,1618,227.4,48,Air,South,Express,6.29
W4-0095,533,133.3,77,Road,South,Standard,8.48
W4-0096,446,186.1,37,Rail,South,Standard,7.64
W4-0097,1234,148.5,50,Road,South,Standard,8.55
W4-0098,1153,164.1,35,Air,East,Standard,5.52
W4-0099,268,76.2,91,Road,Central,Standard,4.43
W4-0100,1502,61.9,19,Road,West,Standard,8.28
W4-0101,375,82.0,28,Rail,South,Standard,7.28
W4-0102,1452,40.5,30,Sea,Central,Express,7.65
W4-0103,33,218.8,108,Air,South,Standard,3.8
W4-0104,1438,72.2,113,Road,Central,Standard,8.13
W4-0105,1420,141.2,60,Road,South,Standard,9.83
W4-0106,1409,198.4,19,Sea,East,Standard,10.76
W4-0107,1203,196.4,90,Sea,South,Standard,9.67
W4-0108,859,110.7,59,Road,West,Express,5.12
W4-0109,1275,120.1,102,Rail,South,Standard,10.1
W4-0110,513,248.7,43,Road,Central,Standard,6.99
W4-0111,1409,169.3,119,Road,North,Standard,9.92
W4-0112,1009,204.0,97,Road,East,Standard,6.58
W4-0113,836,225.8,27,Road,North,Express,4.71
W4-0114,919,197.3,87,Road,Central,Standard,6.03
W4-0115,1032,47.9,35,Air,East,Standard,4.76
W4-0116,86,141.4,42,Road,West,Express,5.22
W4-0117,268,27.3,30,Road,Central,Standard,2.8
W4-0118,456,163.9,82,Road,East,Express,3.19
W4-0119,223,238.9,32,Road,North,Standard,3.92
W4-0120,802,129.2,77,Road,South,Express,6.38
W4-0121,1209,109.4,70,Rail,South,Standard,9.76
W4-0122,1184,10.9,90,Road,Central,Standard,7.76
W4-0123,858,240.0,119,Rail,Central,Standard,9.24
W4-0124,1542,27.5,2,Sea,East,Standard,7.57
W4-0125,1026,12.2,118,Road,Central,Standard,8.43
W4-0126,160,63.0,14,Sea,South,Standard,6.1
W4-0127,1381,18.3,63,Sea,West,Standard,10.66
W4-0128,1042,114.9,41,Air,South,Express,3.14
W4-0129,1149,130.0,77,Rail,South,Express,7.81
W4-0130,1026,79.5,86,Rail,South,Standard,9.03
W4-0131,1005,14.6,103,Rail,East,Express,8.17
W4-0132,181,29.7,48,Rail,South,Standard,4.43
W4-0133,1015,97.4,112,Road,South,Standard,8.34
W4-0134,1434,17.0,39,Sea,South,Express,7.59
W4-0135,561,175.2,25,Rail,North,Standard,6.73
W4-0136,1093,53.3,46,Air,Central,Standard,5.61
W4-0137,74,76.9,63,Road,South,Standard,6.49
W4-0138,638,99.7,80,Road,North,Standard,5.6
W4-0139,797,105.3,100,Road,East,Express,6.74
W4-0140,1769,2.4,27,Road,Central,Standard,9.44
W4-0141,401,29.8,37,Road,South,Standard,4.02
W4-0142,512,216.0,112,Road,Central,Standard,6.84
W4-0143,747,2.3,53,Road,West,Standard,7.46
W4-0144,1786,128.0,29,Road,West,Standard,8.95
W4-0145,1539,123.4,118,Road,South,Express,7.3
W4-0146,81,84.6,54,Sea,North,Standard,6.87
W4-0147,436,109.0,118,Road,South,Express,4.38
W4-0148,1482,195.6,110,Road,Central,Standard,8.53
W4-0149,123,210.6,108,Road,West,Express,4.6
W4-0150,1543,66.6,70,Road,West,Standard,9.65
W4-0151,520,82.0,96,Road,Central,Standard,5.16
W4-0152,1653,62.1,115,Rail,South,Standard,10.07
W4-0153,542,121.0,33,Sea,South,Standard,7.86
W4-0154,793,171.4,5,Road,Central,Express,5.3
W4-0155,1198,58.6,39,Rail,East,Standard,10.43
W4-0156,244,84.0,76,Road,South,Express,3.01
W4-0157,1011,232.7,66,Road,South,Standard,8.33
W4-0158,918,14.0,10,Road,Central,Standard,4.58
W4-0159,1415,116.3,67,Road,North,Standard,9.08
W4-0160,1793,178.5,21,Rail,North,Standard,8.49
W4-0161,1202,39.3,61,Rail,West,Standard,8.0
W4-0162,748,13.7,69,Air,North,Standard,3.73
W4-0163,743,36.3,76,Road,North,Express,4.86
W4-0164,763,229.9,50,Rail,Central,Standard,7.29
W4-0165,1468,4.3,49,Road,East,Standard,8.54
W4-0166,591,48.7,81,Road,West,Standard,6.52
W4-0167,317,9.8,90,Road,East,Standard,4.2
W4-0168,615,29.4,97,Rail,North,Standard,7.67
W4-0169,60,155.8,40,Sea,North,Standard,5.8
W4-0170,208,61.9,51,Road,West,Standard,6.34
W4-0171,180,143.2,40,Rail,North,Standard,4.63
W4-0172,1393,148.4,63,Air,East,Standard,4.92
W4-0173,1305,212.7,16,Air,South,Standard,6.32
W4-0174,1260,3.2,52,Road,South,Standard,9.34
W4-0175,842,213.6,23,Rail,Central,Standard,6.98
W4-0176,1296,155.5,64,Rail,West,Standard,8.99
W4-0177,307,42.4,102,Air,West,Standard,3.35
W4-0178,1623,193.7,118,Road,South,Express,10.63
W4-0179,911,214.2,54,Sea,South,Standard,8.14
W4-0180,1689,65.1,7,Road,West,Standard,7.83
W4-0181,291,229.9,28,Air,North,Standard,3.63
W4-0182,905,114.7,13,Road,South,Standard,5.01
W4-0183,1259,151.6,91,Road,West,Standard,9.88
W4-0184,902,246.2,118,Road,West,Express,7.51
W4-0185,814,91.7,66,Road,North,Express,6.02
W4-0186,315,203.7,22,Road,West,Standard,5.96
W4-0187,698,81.0,3,Road,East,Standard,5.47
W4-0188,445,200.2,117,Road,South,Standard,6.01
W4-0189,556,151.0,38,Road,West,Standard,5.98
W4-0190,1236,55.7,14,Air,Central,Standard,3.86
W4-0191,1141,104.7,22,Air,East,Standard,5.76
W4-0192,1100,80.8,31,Rail,South,Standard,9.14
W4-0193,664,21.4,79,Road,South,Standard,8.31
W4-0194,1728,9.4,107,Road,East,Standard,9.82
W4-0195,176,87.9,33,Sea,North,Standard,6.86
W4-0196,629,6.7,82,Road,East,Standard,5.96
W4-0197,230,43.0,8,Road,North,Standard,3.61
W4-0198,623,181.8,2,Sea,North,Standard,7.4
W4-0199,1732,177.6,7,Sea,East,Standard,9.81
W4-0200,671,185.2,110,Road,West,Standard,7.63
W4-0201,1637,80.7,70,Rail,Central,Standard,8.15
W4-0202,901,222.7,96,Road,North,Standard,6.39
W4-0203,1265,149.3,3,Air,South,Standard,6.6
W4-0204,834,33.3,3,Road,East,Standard,6.78
W4-0205,493,37.6,102,Road,East,Standard,5.21
W4-0206,1380,173.9,13,Rail,Central,Express,7.41
W4-0207,1745,44.9,19,Road,West,Standard,8.28
W4-0208,489,127.8,62,Rail,East,Express,5.4
W4-0209,1406,248.0,73,Road,North,Standard,9.79
W4-0210,484,3.0,28,Air,North,Standard,3.92
W4-0211,1296,6.1,53,Air,North,Standard,6.35
W4-0212,1424,248.3,81,Road,West,Standard,11.02
W4-0213,819,147.0,53,Air,South,Standard,4.68
W4-0214,1331,33.5,46,Road,South,Standard,7.24
W4-0215,504,224.5,9,Road,West,Standard,5.06
W4-0216,161,220.3,54,Road,Central,Standard,4.36
W4-0217,191,135.0,96,Air,East,Standard,1.37
W4-0218,815,156.2,75,Air,Central,Standard,4.45
W4-0219,1626,69.8,107,Sea,West,Standard,10.66
W4-0220,247,14.5,16,Air,West,Standard,3.75
W4-0221,831,149.5,2,Sea,Central,Standard,7.56
W4-0222,1273,75.1,66,Road,North,Standard,6.99
W4-0223,380,166.6,22,Sea,West,Standard,7.69
W4-0224,1304,209.4,71,Rail,Central,Standard,9.33
W4-0225,564,6.5,108,Road,Central,Standard,5.12
W4-0226,1459,149.7,41,Rail,East,Standard,8.54
W4-0227,1051,59.4,66,Road,West,Standard,5.35
W4-0228,993,218.7,82,Road,Central,Standard,6.04
W4-0229,334,64.9,18,Road,Central,Standard,3.58
W4-0230,844,153.5,107,Road,Central,Standard,6.99
W4-0231,1544,139.3,25,Road,Central,Express,5.5
W4-0232,54,100.2,97,Air,South,Express,1.99
W4-0233,1370,170.0,79,Rail,West,Standard,8.37
W4-0234,897,182.0,17,Road,East,Standard,6.7
W4-0235,1300,142.6,87,Road,Central,Standard,8.28
W4-0236,1200,190.1,24,Road,Central,Express,6.03
W4-0237,789,245.9,72,Road,Central,Standard,6.54
W4-0238,569,106.0,115,Air,East,Standard,3.35
W4-0239,1136,129.6,114,Road,East,Standard,7.6
W4-0240,269,5.1,104,Rail,North,Standard,5.66
W4-0241,1059,199.4,59,Air,West,Standard,5.59
W4-0242,188,131.0,67,Rail,East,Express,4.74
W4-0243,1176,103.2,36,Air,East,Express,5.66
W4-0244,1139,25.3,110,Road,West,Standard,9.08
W4-0245,170,222.6,57,Air,Central,Standard,1.89
W4-0246,1368,100.0,92,Rail,North,Standard,9.68
W4-0247,760,171.3,43,Air,East,Standard,5.3
W4-0248,1420,39.0,89,Rail,West,Standard,8.78
W4-0249,94,240.5,27,Air,Central,Standard,3.2
W4-0250,339,46.3,88,Sea,West,Express,6.08
W4-0251,899,51.5,6,Road,West,Express,3.73
W4-0252,355,215.0,13,Air,Central,Standard,3.28
W4-0253,607,228.3,42,Air,Central,Standard,4.07
W4-0254,1195,54.6,58,Road,West,Standard,7.62
W4-0255,277,118.5,85,Sea,South,Standard,7.65
W4-0256,1226,183.9,43,Road,East,Standard,6.99
W4-0257,204,219.8,3,Rail,West,Standard,6.32
W4-0258,331,96.0,39,Road,North,Standard,4.79
W4-0259,1066,130.2,53,Road,West,Express,6.47
W4-0260,1432,185.9,65,Air,East,Standard,7.08
W4-0261,323,183.3,77,Road,Central,Standard,4.09
W4-0262,553,196.2,30,Road,South,Standard,5.41
W4-0263,1666,143.3,73,Road,Central,Express,5.14
W4-0264,1781,27.9,76,Road,East,Standard,9.82
W4-0265,1054,226.2,93,Air,East,Standard,4.93
W4-0266,815,216.7,63,Air,West,Standard,5.57
W4-0267,637,199.9,97,Road,East,Standard,7.21
W4-0268,1110,26.8,27,Rail,Central,Express,6.5
W4-0269,1071,52.7,85,Road,North,Standard,6.04
W4-0270,544,186.4,6,Rail,West,Express,5.21
W4-0271,60,7.7,13,Road,Central,Standard,5.1
W4-0272,289,244.8,103,Road,South,Standard,8.3
W4-0273,1726,95.5,57,Road,South,Standard,10.5
W4-0274,764,180.4,74,Rail,East,Standard,8.0
W4-0275,878,222.1,72,Road,West,Standard,6.51
W4-0276,851,99.9,83,Road,Central,Standard,7.25
W4-0277,1413,81.1,30,Air,West,Standard,6.18
W4-0278,135,153.0,22,Air,West,Express,2.29
W4-0279,167,146.1,6,Road,East,Express,2.47
W4-0280,511,103.5,103,Air,West,Standard,4.71
W4-0281,886,151.2,27,Air,South,Standard,5.42
W4-0282,1214,234.0,69,Road,East,Standard,8.34
W4-0283,893,118.0,55,Rail,North,Standard,7.84
W4-0284,805,50.8,20,Road,North,Express,3.88
W4-0285,1689,95.5,50,Air,Central,Standard,5.19
W4-0286,306,99.7,10,Road,Central,Standard,5.85
W4-0287,1037,34.5,22,Rail,East,Standard,9.95
W4-0288,985,42.4,17,Road,North,Standard,6.63
W4-0289,862,171.8,99,Road,North,Standard,5.78
W4-0290,1457,86.2,68,Sea,North,Standard,8.95
W4-0291,495,238.8,111,Road,West,Express,6.22
W4-0292,1717,62.4,52,Air,South,Express,7.61
W4-0293,610,26.5,24,Sea,South,Standard,6.43
W4-0294,990,188.9,73,Air,Central,Standard,5.03
W4-0295,946,220.5,111,Road,Central,Standard,7.56
W4-0296,1532,71.0,64,Air,West,Standard,7.91
W4-0297,801,52.1,3,Road,South,Standard,6.0
W4-0298,526,48.1,37,Road,East,Express,2.66
W4-0299,58,131.5,111,Air,South,Standard,4.67
W4-0300,667,118.2,62,Rail,Central,Standard,7.76
W4-0301,1490,66.3,114,Road,North,Standard,8.64
W4-0302,37,13.2,61,Road,West,Standard,5.16
W4-0303,1615,121.4,2,Air,East,Standard,5.84
W4-0304,986,239.9,104,Rail,West,Standard,8.18
W4-0305,269,163.8,91,Road,East,Standard,6.75
W4-0306,557,124.9,86,Air,North,Standard,4.64
W4-0307,1006,29.5,116,Road,West,Standard,8.49
W4-0308,581,64.6,24,Road,West,Standard,7.35
W4-0309,213,75.1,108,Rail,East,Standard,5.35
W4-0310,1205,191.7,28,Sea,South,Standard,9.04
W4-0311,1216,219.4,116,Road,South,Standard,9.29
W4-0312,231,225.6,23,Road,East,Express,3.07
W4-0313,520,246.2,66,Road,South,Standard,7.54
W4-0314,454,245.6,94,Air,South,Standard,4.93
W4-0315,1193,238.3,10,Road,South,Standard,6.84
W4-0316,1319,19.8,8,Road,North,Standard,6.97
W4-0317,1314,36.2,102,Sea,Central,Standard,9.62
W4-0318,1690,77.5,8,Road,South,Standard,9.73
W4-0319,1388,139.1,74,Rail,North,Standard,9.31
W4-0320,590,26.1,112,Road,North,Standard,6.71
W4-0321,211,211.8,74,Air,Central,Standard,3.49
W4-0322,1114,155.0,58,Road,East,Standard,7.35
W4-0323,1650,136.5,50,Road,South,Express,7.3
W4-0324,1755,43.0,76,Road,East,Standard,9.51
W4-0325,429,64.8,69,Air,North,Standard,3.25
W4-0326,440,41.8,60,Air,South,Standard,5.95
W4-0327,86,213.3,19,Road,South,Standard,6.32
W4-0328,271,146.9,79,Road,Central,Standard,5.69
W4-0329,1007,184.3,89,Air,North,Standard,5.97
W4-0330,993,75.4,85,Road,East,Standard,7.3
W4-0331,680,94.1,9,Road,West,Standard,4.72
W4-0332,571,102.4,84,Rail,Central,Standard,6.4
W4-0333,1497,190.5,87,Road,East,Standard,9.07
W4-0334,838,193.5,22,Road,South,Standard,7.19
W4-0335,1458,53.3,102,Road,South,Standard,9.74
W4-0336,1734,235.5,63,Road,South,Standard,10.81
W4-0337,584,31.9,57,Road,West,Express,4.19
W4-0338,380,224.2,87,Rail,South,Standard,6.71
W4-0339,1716,26.9,61,Rail,West,Standard,11.45
W4-0340,1149,67.6,65,Road,West,Standard,8.61
W4-0341,537,211.9,38,Air,Central,Standard,3.2
W4-0342,1126,46.5,111,Road,South,Express,7.08
W4-0343,936,104.6,116,Air,Central,Standard,5.26
W4-0344,1631,113.6,16,Road,East,Standard,8.34
W4-0345,475,62.8,88,Air,West,Standard,5.0
W4-0346,1784,178.1,3,Road,West,Express,10.22
W4-0347,1686,213.1,44,Road,Central,Standard,8.68
W4-0348,341,218.9,116,Road,East,Standard,6.99
W4-0349,313,86.2,21,Road,West,Standard,3.46
W4-0350,969,133.7,45,Road,South,Standard,6.97
W4-0351,99,63.6,27,Rail,East,Standard,6.34
W4-0352,551,62.7,87,Air,East,Standard,4.82
W4-0353,794,42.0,56,Road,West,Standard,2.36
W4-0354,1745,235.1,71,Air,West,Standard,8.69
W4-0355,1786,222.2,113,Air,North,Standard,9.92
W4-0356,289,194.8,63,Air,Central,Standard,1.21
W4-0357,1607,130.4,88,Rail,West,Standard,11.77
W4-0358,181,123.7,12,Rail,North,Standard,2.2
W4-0359,1352,133.4,26,Road,Central,Standard,8.17
W4-0360,1525,135.1,113,Rail,West,Express,9.03
W4-0361,1605,109.8,103,Sea,North,Standard,8.23
W4-0362,417,34.7,79,Road,East,Standard,6.16
W4-0363,1610,33.2,46,Road,Central,Express,7.81
W4-0364,226,238.2,24,Road,South,Standard,5.82
W4-0365,943,121.5,102,Sea,Central,Standard,9.23
W4-0366,855,238.4,94,Road,East,Standard,7.04
W4-0367,582,42.6,29,Rail,South,Standard,5.0
W4-0368,59,139.5,71,Air,South,Standard,4.28
W4-0369,1394,53.5,74,Sea,East,Standard,11.61
W4-0370,617,64.8,57,Road,West,Standard,7.47
W4-0371,1197,9.5,111,Air,Central,Express,2.51
W4-0372,750,31.5,15,Air,North,Standard,2.2
W4-0373,685,229.4,31,Road,Central,Standard,4.89
W4-0374,1597,81.7,12,Air,East,Express,3.42
W4-0375,188,152.8,83,Road,North,Standard,5.14
W4-0376,1331,117.3,77,Rail,Central,Express,7.65
W4-0377,1349,101.3,118,Road,South,Standard,7.84
W4-0378,696,133.9,65,Road,West,Standard,7.56
W4-0379,487,48.4,18,Road,West,Standard,6.1
W4-0380,29,247.2,54,Road,North,Standard,3.97
W4-0381,1687,204.9,11,Road,South,Standard,8.91
W4-0382,1706,185.9,80,Rail,West,Express,7.27
W4-0383,448,118.3,81,Road,South,Express,4.86
W4-0384,76,39.9,103,Road,North,Standard,4.82
W4-0385,238,230.3,41,Rail,North,Standard,5.85
W4-0386,140,86.7,37,Rail,Central,Standard,5.26
W4-0387,1499,14.4,9,Road,North,Express,6.33
W4-0388,1607,86.9,50,Sea,North,Standard,9.64
W4-0389,292,199.0,57,Road,East,Express,4.44
W4-0390,1349,156.4,90,Air,North,Standard,7.44
W4-0391,339,188.2,90,Road,West,Standard,6.15
W4-0392,673,198.8,17,Air,East,Standard,4.49
W4-0393,1086,54.6,34,Sea,West,Standard,8.69
W4-0394,1301,231.1,61,Air,East,Standard,5.77
W4-0395,1576,110.6,40,Rail,West,Express,8.77
W4-0396,99,160.5,4,Rail,West,Standard,4.77
W4-0397,369,2.6,101,Road,East,Standard,6.17
W4-0398,519,248.4,88,Rail,North,Standard,7.05
W4-0399,572,71.7,62,Air,South,Standard,4.39
W4-0400,1796,17.4,38,Sea,North,Standard,9.79
W4-0401,1403,115.6,101,Road,North,Express,6.63
W4-0402,590,34.0,5,Road,South,Express,2.83
W4-0403,1749,39.8,54,Rail,South,Standard,10.61
W4-0404,908,158.8,96,Road,North,Standard,7.39
W4-0405,911,99.4,114,Road,South,Standard,8.91
W4-0406,791,230.6,30,Road,East,Express,4.67
W4-0407,276,81.2,78,Air,North,Standard,5.22
W4-0408,1683,182.1,23,Road,South,Standard,8.79
W4-0409,44,116.4,14,Road,North,Express,1.64
W4-0410,330,165.7,43,Road,North,Express,2.72
W4-0411,428,150.7,106,Air,North,Standard,2.47
W4-0412,517,119.3,83,Rail,East,Standard,8.53
W4-0413,254,237.6,59,Road,West,Standard,7.12
W4-0414,51,87.0,34,Road,West,Standard,5.22
W4-0415,1226,46.0,17,Rail,West,Standard,7.33
W4-0416,1745,170.2,33,Road,West,Standard,11.04
W4-0417,236,211.8,19,Rail,Central,Standard,4.82
W4-0418,547,12.0,23,Road,South,Standard,5.57
W4-0419,921,113.5,82,Sea,West,Standard,10.57
W4-0420,1670,223.3,16,Road,Central,Standard,8.79
W4-0421,1255,187.9,6,Rail,East,Express,9.05
W4-0422,1383,248.0,65,Road,Central,Standard,8.26
W4-0423,1054,133.8,35,Sea,North,Express,6.66
W4-0424,762,165.7,55,Sea,Central,Standard,7.08
W4-0425,375,77.0,17,Air,East,Standard,1.3
W4-0426,1558,237.0,25,Road,South,Express,7.4
W4-0427,1451,92.9,53,Road,North,Standard,9.08
W4-0428,64,185.2,83,Air,West,Standard,4.23
W4-0429,1293,102.0,50,Air,East,Standard,6.03
W4-0430,170,141.3,65,Road,South,Standard,4.62
W4-0431,1335,180.5,63,Road,South,Standard,8.96
W4-0432,1490,128.2,32,Road,Central,Standard,8.67
W4-0433,253,227.0,34,Air,East,Standard,3.76
W4-0434,792,106.0,51,Rail,North,Standard,7.17
W4-0435,240,162.5,4,Rail,South,Standard,5.11
W4-0436,1029,86.9,82,Rail,North,Standard,8.83
W4-0437,1671,103.2,74,Road,West,Standard,6.26
W4-0438,163,111.1,37,Road,Central,Standard,4.58
W4-0439,727,33.2,45,Road,Central,Standard,8.19
W4-0440,1752,24.7,40,Air,West,Standard,5.73
W4-0441,555,167.5,78,Road,West,Standard,6.39
W4-0442,255,164.6,91,Road,East,Standard,5.68
W4-0443,889,166.4,13,Road,West,Standard,6.27
W4-0444,924,6.9,50,Road,North,Standard,7.38
W4-0445,1199,83.0,2,Rail,East,Express,6.92
W4-0446,578,51.1,54,Road,East,Express,4.72
W4-0447,1721,195.0,30,Road,North,Standard,9.38
W4-0448,947,215.4,40,Air,East,Standard,5.22
W4-0449,529,63.2,55,Road,West,Standard,9.26
W4-0450,1729,167.6,39,Road,South,Express,8.3
W4-0451,1666,34.1,47,Road,East,Express,7.51
W4-0452,908,70.2,92,Air,South,Standard,4.22
W4-0453,64,36.4,97,Road,South,Standard,4.96
W4-0454,1082,72.3,1,Air,North,Standard,5.65
W4-0455,1008,169.3,45,Sea,South,Express,6.6
W4-0456,283,227.8,101,Rail,Central,Express,2.85
W4-0457,1148,52.2,64,Road,Central,Standard,7.03
W4-0458,1516,136.4,25,Air,West,Standard,8.03
W4-0459,208,175.9,71,Road,West,Standard,5.69
W4-0460,1307,238.3,18,Road,West,Standard,7.7
W4-0461,269,153.3,3,Road,East,Express,1.49
W4-0462,1352,65.3,76,Road,East,Standard,8.65
W4-0463,766,157.1,62,Road,West,Standard,7.64
W4-0464,31,81.5,91,Road,West,Standard,3.45
W4-0465,1739,244.1,42,Road,East,Standard,10.3
W4-0466,315,101.1,102,Road,East,Express,5.32
W4-0467,1080,172.0,51,Rail,East,Standard,9.33
W4-0468,343,7.8,88,Sea,South,Express,6.96
W4-0469,1680,101.2,12,Road,South,Standard,9.52
W4-0470,1334,219.0,12,Rail,North,Standard,8.71
W4-0471,1451,153.3,94,Road,East,Standard,9.72
W4-0472,789,112.1,100,Road,West,Standard,5.58
W4-0473,851,234.1,113,Road,West,Standard,6.46
W4-0474,1149,213.8,39,Road,Central,Standard,6.28
W4-0475,1416,81.9,3,Road,North,Standard,7.1
W4-0476,1527,137.0,117,Road,West,Standard,9.98
W4-0477,51,123.5,72,Road,West,Standard,5.47
W4-0478,1201,158.8,30,Road,East,Standard,8.56
W4-0479,214,84.9,91,Road,South,Express,5.77
W4-0480,532,62.6,108,Road,South,Express,4.75
W4-0481,1496,228.3,34,Road,West,Standard,8.94
W4-0482,465,231.1,92,Road,Central,Standard,5.04
W4-0483,1438,211.1,94,Road,West,Standard,9.05
W4-0484,844,244.6,60,Road,East,Express,6.05
W4-0485,434,186.8,76,Road,West,Standard,2.92
W4-0486,614,191.6,33,Road,North,Standard,8.11
W4-0487,964,191.1,111,Sea,West,Standard,10.32
W4-0488,1381,121.2,117,Road,North,Express,6.68
W4-0489,1098,115.2,117,Road,Central,Standard,9.55
W4-0490,1681,61.6,88,Road,Central,Standard,8.36
W4-0491,1564,161.9,6,Sea,East,Standard,9.84
W4-0492,1360,73.8,44,Rail,South,Standard,8.67
W4-0493,1093,65.9,53,Rail,West,Express,8.7
W4-0494,535,147.3,115,Sea,West,Standard,8.48
W4-0495,754,103.7,66,Road,West,Standard,7.03
W4-0496,231,56.3,64,Sea,East,Standard,7.89
W4-0497,686,204.4,18,Road,South,Standard,7.12
W4-0498,1669,215.4,95,Rail,North,Standard,10.01
W4-0499,778,43.6,41,Road,South,Standard,7.84
W4-0500,222,3.9,11,Road,East,Express,5.56
W4-0501,1180,85.4,118,Sea,East,Standard,10.21
W4-0502,1733,199.8,23,Road,East,Standard,8.95
W4-0503,1564,210.1,2,Sea,South,Standard,10.43
W4-0504,507,36.3,10,Road,Central,Standard,5.94
W4-0505,827,194.0,54,Rail,South,Standard,7.51
W4-0506,965,30.7,13,Sea,Central,Standard,7.18
W4-0507,461,98.7,101,Road,South,Standard,5.19
W4-0508,498,249.7,61,Sea,East,Standard,6.56
W4-0509,441,49.8,39,Rail,West,Standard,5.91
W4-0510,1790,40.2,1,Rail,South,Standard,9.65
W4-0511,1347,106.9,58,Road,South,Standard,10.32
W4-0512,1516,155.7,19,Road,South,Standard,9.16
W4-0513,1473,233.4,117,Rail,Central,Express,7.44
W4-0514,1727,245.2,35,Road,North,Standard,8.03
W4-0515,207,19.3,57,Road,East,Standard,6.24
W4-0516,1589,36.2,3,Road,West,Standard,9.32
W4-0517,138,198.1,16,Air,West,Standard,3.08
W4-0518,866,69.1,25,Road,East,Standard,5.87
W4-0519,1078,221.4,7,Rail,North,Standard,8.59
W4-0520,656,166.5,87,Sea,North,Standard,7.01
W4-0521,280,29.7,113,Road,East,Standard,6.14
W4-0522,362,208.5,118,Road,Central,Standard,8.16
W4-0523,1487,45.7,32,Rail,North,Standard,8.69
W4-0524,587,107.0,94,Road,Central,Standard,5.21
W4-0525,572,138.9,60,Rail,West,Standard,7.61
W4-0526,1663,126.2,6,Rail,North,Express,7.03
W4-0527,276,172.2,11,Rail,South,Standard,4.71
W4-0528,1649,163.9,66,Road,South,Standard,10.26
W4-0529,1659,248.0,51,Rail,Central,Standard,10.49
W4-0530,1085,249.9,1,Rail,East,Standard,7.46
W4-0531,314,130.1,111,Road,South,Express,4.84
W4-0532,297,25.6,87,Rail,South,Standard,5.82
W4-0533,526,182.5,60,Air,East,Standard,4.12
W4-0534,1047,244.2,118,Rail,North,Express,6.9
W4-0535,293,80.9,116,Road,South,Standard,5.41
W4-0536,831,116.4,116,Road,North,Standard,9.0
W4-0537,225,107.3,31,Road,West,Standard,5.55
W4-0538,981,14.8,105,Road,West,Standard,8.34
W4-0539,57,168.7,61,Road,East,Standard,5.7
W4-0540,1282,89.6,87,Sea,North,Standard,10.27
W4-0541,118,197.3,103,Road,South,Standard,5.63
W4-0542,366,208.4,20,Air,Central,Standard,3.19
W4-0543,330,205.7,54,Road,South,Standard,5.76
W4-0544,1499,105.3,16,Road,North,Standard,8.09
W4-0545,115,81.7,34,Road,North,Standard,4.52
W4-0546,784,187.7,50,Road,Central,Standard,5.76
W4-0547,1072,200.7,102,Air,North,Standard,4.62
W4-0548,938,123.8,103,Sea,East,Express,8.0
W4-0549,1231,223.5,47,Air,Central,Standard,5.35
W4-0550,1449,37.7,40,Road,West,Standard,6.38
W4-0551,720,220.0,64,Air,East,Standard,5.41
W4-0552,1494,25.8,109,Road,South,Standard,10.36
W4-0553,586,40.1,117,Sea,North,Standard,10.45
W4-0554,1772,134.4,27,Road,North,Express,6.86
W4-0555,918,18.7,23,Road,Central,Standard,5.29
W4-0556,1330,15.1,85,Road,North,Standard,6.74
W4-0557,1577,2.1,36,Road,North,Express,6.79
W4-0558,1430,110.2,24,Road,Central,Standard,7.57
W4-0559,1535,194.1,4,Sea,East,Express,7.56
W4-0560,974,10.6,48,Air,South,Standard,5.29
W4-0561,97,163.8,47,Sea,West,Standard,4.67
W4-0562,897,206.1,68,Road,East,Express,6.82
W4-0563,343,43.7,24,Rail,Central,Standard,4.41
W4-0564,1602,38.4,86,Road,East,Standard,8.89
W4-0565,441,215.5,81,Road,West,Standard,5.04
W4-0566,425,206.1,56,Road,Central,Standard,4.72
W4-0567,463,135.7,22,Road,East,Standard,5.07
W4-0568,1163,205.2,61,Rail,South,Standard,9.09
W4-0569,1036,25.0,81,Road,Central,Standard,7.33
W4-0570,1708,99.8,45,Road,South,Standard,10.77
W4-0571,760,185.0,32,Rail,North,Standard,7.59
W4-0572,522,65.8,61,Road,East,Standard,6.8
W4-0573,107,188.6,43,Sea,Central,Standard,7.32
W4-0574,32,127.0,48,Road,North,Standard,4.78
W4-0575,685,188.1,42,Air,Central,Standard,3.95
W4-0576,1667,117.2,37,Rail,Central,Standard,9.97
W4-0577,952,93.2,86,Rail,Central,Standard,8.7
W4-0578,1610,56.4,55,Rail,East,Standard,10.06
W4-0579,200,53.7,56,Air,South,Standard,2.15
W4-0580,186,188.4,78,Rail,East,Standard,5.36
W4-0581,1503,31.5,43,Road,North,Express,6.26
W4-0582,210,23.3,13,Road,Central,Express,3.33
W4-0583,112,45.7,102,Rail,West,Standard,6.29
W4-0584,739,45.5,7,Road,East,Express,5.56
W4-0585,1666,206.1,69,Road,East,Express,9.24
W4-0586,1247,100.8,32,Road,West,Standard,8.97
W4-0587,196,247.6,26,Road,East,Standard,6.13
W4-0588,1510,36.0,5,Road,Central,Standard,6.17
W4-0589,1521,164.1,108,Rail,Central,Standard,10.01
W4-0590,1445,113.3,52,Air,Central,Standard,5.35
W4-0591,1626,99.4,41,Air,West,Standard,5.42
W4-0592,446,219.0,89,Road,West,Standard,6.29
W4-0593,1763,243.9,5,Road,South,Express,9.31
W4-0594,590,218.5,68,Rail,North,Standard,7.37
W4-0595,1447,49.7,59,Road,East,Standard,10.23
W4-0596,1051,56.8,66,Rail,Central,Standard,7.75
W4-0597,1407,164.7,15,Road,North,Standard,9.96
W4-0598,1137,73.7,114,Sea,East,Express,8.59
W4-0599,1163,184.2,29,Road,North,Standard,7.1
W4-0600,1116,142.5,81,Air,East,Standard,4.71
W4-0601,1406,138.6,89,Rail,North,Standard,10.26
W4-0602,1335,207.5,41,Road,West,Standard,7.82
W4-0603,259,178.2,16,Air,Central,Standard,1.88
W4-0604,1490,8.6,36,Road,West,Express,8.25
W4-0605,974,14.3,97,Air,West,Standard,7.01
W4-0606,595,151.2,108,Rail,South,Standard,9.2
W4-0607,935,122.6,112,Road,East,Standard,7.29
W4-0608,1741,66.5,27,Road,North,Standard,8.29
W4-0609,1546,105.8,73,Air,South,Standard,7.4
W4-0610,1503,190.0,18,Road,East,Standard,8.93
W4-0611,843,207.0,85,Air,West,Standard,7.31
W4-0612,1415,141.2,50,Air,North,Standard,6.47
W4-0613,705,97.6,85,Rail,Central,Express,7.65
W4-0614,1241,69.1,82,Road,East,Standard,8.89
W4-0615,1158,131.4,119,Rail,Central,Standard,8.4
W4-0616,464,80.1,59,Sea,East,Standard,8.12
W4-0617,494,141.9,41,Road,East,Standard,7.38
W4-0618,128,169.8,63,Road,West,Standard,7.33
W4-0619,268,18.4,20,Road,Central,Standard,5.27
W4-0620,791,2.3,14,Road,North,Standard,5.58
W4-0621,870,54.6,62,Air,East,Standard,4.73
W4-0622,313,223.8,99,Road,North,Standard,6.34
W4-0623,762,162.3,64,Rail,East,Standard,9.17
W4-0624,1095,44.6,94,Road,Central,Standard,7.63
W4-0625,433,222.8,22,Road,Central,Standard,5.4
W4-0626,622,118.5,54,Road,South,Standard,6.67
W4-0627,674,120.1,73,Air,South,Standard,4.86
W4-0628,918,234.0,42,Rail,East,Standard,7.63
W4-0629,672,16.8,2,Road,South,Express,4.76
W4-0630,1331,55.4,9,Air,North,Standard,6.94
W4-0631,602,147.3,111,Road,South,Standard,7.07
W4-0632,792,50.5,73,Road,East,Standard,6.71
W4-0633,695,170.5,32,Road,East,Standard,5.29
W4-0634,345,55.1,31,Sea,Central,Standard,6.81
W4-0635,1240,26.6,5,Rail,East,Express,7.84
W4-0636,439,53.3,113,Rail,South,Standard,9.14
W4-0637,548,106.8,13,Road,West,Standard,5.92
W4-0638,1431,45.7,91,Road,West,Standard,9.42
W4-0639,1708,35.4,29,Rail,East,Standard,9.16
W4-0640,1214,215.3,40,Road,East,Express,6.93
W4-0641,1651,81.5,33,Sea,South,Standard,10.92
W4-0642,1540,91.5,99,Air,Central,Standard,6.78
W4-0643,876,15.7,4,Road,Central,Standard,5.62
W4-0644,1391,90.6,42,Air,North,Standard,6.3
W4-0645,604,67.7,34,Sea,South,Standard,7.54
W4-0646,839,153.4,33,Road,South,Standard,6.77
W4-0647,973,52.9,23,Rail,Central,Standard,8.55
W4-0648,1729,222.3,109,Sea,North,Standard,13.91
W4-0649,1530,232.6,46,Road,South,Standard,7.94
W4-0650,890,26.8,50,Air,South,Standard,4.04
W4-0651,1181,28.6,46,Road,East,Standard,6.36
W4-0652,380,30.6,117,Rail,South,Express,5.96
W4-0653,1451,155.7,41,Air,East,Standard,7.32
W4-0654,1004,32.2,41,Rail,West,Standard,8.49
W4-0655,968,213.4,40,Road,Central,Express,5.43
W4-0656,1383,189.1,39,Rail,North,Standard,9.11
W4-0657,1146,205.3,11,Road,North,Standard,6.17
W4-0658,148,132.5,72,Road,North,Standard,4.57
W4-0659,532,249.2,3,Road,Central,Standard,5.01
W4-0660,334,13.0,27,Rail,West,Standard,4.34
W4-0661,1328,101.5,25,Road,East,Express,5.14
W4-0662,82,82.3,35,Road,West,Standard,3.58
W4-0663,380,237.3,91,Air,East,Standard,5.13
W4-0664,1083,145.1,72,Road,South,Standard,8.35
W4-0665,1256,201.9,118,Road,East,Standard,9.34
W4-0666,915,44.2,42,Road,West,Standard,5.06
W4-0667,1552,244.7,111,Road,North,Standard,7.72
W4-0668,1655,125.7,6,Air,West,Standard,7.44
W4-0669,255,124.4,61,Road,East,Standard,2.47
W4-0670,1715,242.8,96,Road,North,Standard,10.68
W4-0671,1113,96.4,64,Sea,South,Standard,7.77
W4-0672,1152,100.6,112,Air,East,Standard,7.22
W4-0673,189,147.0,38,Rail,South,Standard,5.26
W4-0674,1126,33.8,4,Air,South,Standard,6.43
W4-0675,1311,81.6,93,Sea,West,Standard,13.44
W4-0676,1053,49.9,9,Road,East,Standard,4.31
W4-0677,170,27.6,92,Rail,East,Standard,6.7
W4-0678,951,216.8,88,Rail,West,Standard,6.88
W4-0679,1685,148.2,101,Road,North,Standard,9.67
W4-0680,1307,91.0,57,Road,South,Standard,8.2
W4-0681,264,103.4,107,Road,North,Standard,5.62
W4-0682,1728,109.0,21,Rail,Central,Standard,8.01
W4-0683,1726,159.0,52,Air,North,Standard,7.76
W4-0684,321,231.8,15,Air,Central,Express,0.5
W4-0685,1445,233.3,92,Road,North,Express,8.61
W4-0686,743,99.1,85,Road,South,Standard,6.86
W4-0687,1076,83.7,96,Road,West,Standard,6.65
W4-0688,812,113.9,91,Road,Central,Standard,8.15
W4-0689,1413,142.8,37,Sea,North,Express,7.98
W4-0690,1794,116.5,9,Air,South,Standard,9.27
W4-0691,1435,165.4,111,Sea,Central,Standard,11.36
W4-0692,1677,139.5,59,Air,South,Standard,6.9
W4-0693,1703,81.5,12,Sea,South,Standard,10.4
W4-0694,180,87.7,111,Road,West,Standard,6.0
W4-0695,471,95.9,119,Road,North,Standard,7.69
W4-0696,1304,25.5,54,Road,Central,Standard,7.67
W4-0697,1070,43.2,92,Road,Central,Standard,7.28
W4-0698,109,181.3,5,Road,Central,Express,2.31
W4-0699,189,98.5,12,Road,South,Standard,4.89
W4-0700,946,55.2,33,Sea,North,Standard,9.2
W4-0701,1116,141.5,79,Road,East,Standard,7.77
W4-0702,318,189.4,16,Sea,South,Standard,6.71
W4-0703,324,65.8,5,Air,Central,Express,0.5
W4-0704,250,207.0,80,Rail,West,Standard,6.18
W4-0705,1025,232.0,92,Rail,Central,Standard,6.76
W4-0706,33,150.2,88,Road,West,Express,3.29
W4-0707,1038,167.9,96,Rail,West,Standard,10.42
W4-0708,867,15.0,96,Road,North,Standard,6.56
W4-0709,849,236.5,72,Sea,North,Standard,9.18
W4-0710,1229,99.3,62,Road,North,Standard,5.0
W4-0711,950,231.1,102,Road,East,Standard,8.35
W4-0712,1315,145.6,42,Rail,South,Standard,8.99
W4-0713,1379,3.1,12,Rail,Central,Express,5.9
W4-0714,1657,11.6,90,Road,North,Standard,8.94
W4-0715,1442,170.7,33,Rail,Central,Express,6.64
W4-0716,941,141.5,117,Road,West,Standard,5.94
W4-0717,896,8.6,50,Rail,North,Standard,8.0
W4-0718,439,186.4,102,Road,North,Express,5.0
W4-0719,1087,213.3,6,Road,South,Standard,7.15
W4-0720,267,125.1,79,Road,South,Standard,5.03
W4-0721,1677,117.5,54,Road,South,Standard,7.93
W4-0722,1524,3.4,56,Road,East,Standard,8.51
W4-0723,233,197.1,32,Road,North,Express,5.0
W4-0724,1419,84.0,116,Road,North,Standard,8.8
W4-0725,228,219.9,47,Road,West,Standard,4.12
W4-0726,1303,94.5,102,Road,Central,Standard,8.17
W4-0727,176,142.1,51,Road,South,Standard,5.41
W4-0728,888,69.0,6,Rail,Central,Standard,7.31
W4-0729,1190,41.8,105,Sea,South,Standard,10.78
W4-0730,1317,194.2,23,Road,South,Standard,5.24
W4-0731,765,125.2,33,Sea,North,Standard,8.1
W4-0732,1660,135.0,103,Road,East,Standard,8.47
W4-0733,1398,241.4,107,Road,East,Standard,7.62
W4-0734,390,241.0,110,Rail,West,Standard,7.34
W4-0735,1214,214.2,51,Air,North,Standard,6.15
W4-0736,1320,48.5,91,Air,North,Standard,4.52
W4-0737,613,149.4,40,Road,East,Standard,6.7
W4-0738,1334,219.8,89,Air,North,Standard,7.28
W4-0739,1619,94.9,60,Road,North,Standard,8.52
W4-0740,1474,27.1,7,Road,West,Express,5.75
W4-0741,1377,203.1,50,Road,Central,Standard,6.75
W4-0742,1149,121.5,56,Sea,East,Standard,10.16
W4-0743,501,142.0,31,Road,North,Express,2.46
W4-0744,1435,245.6,45,Air,Central,Standard,7.17
W4-0745,668,152.6,60,Rail,East,Express,5.72
W4-0746,967,107.4,6,Air,West,Standard,4.84
W4-0747,579,93.8,19,Rail,North,Standard,4.33
W4-0748,577,105.6,92,Air,East,Standard,4.49
W4-0749,300,31.4,42,Road,North,Standard,5.27
W4-0750,1731,199.1,73,Road,West,Standard,8.39
W4-0751,283,209.8,68,Rail,South,Standard,7.38
W4-0752,173,72.5,66,Road,Central,Standard,4.58
W4-0753,1686,77.3,50,Road,North,Express,6.55
W4-0754,1007,218.8,58,Road,West,Standard,8.54
W4-0755,799,7.9,99,Road,North,Standard,4.4
W4-0756,1332,131.1,115,Road,West,Express,8.09
W4-0757,702,117.0,31,Road,East,Standard,7.67
W4-0758,247,173.2,80,Sea,Central,Standard,8.1
W4-0759,1318,42.5,116,Road,West,Standard,9.24
W4-0760,333,167.7,1,Sea,South,Standard,6.62
W4-0761,1004,95.4,94,Sea,North,Standard,8.23
W4-0762,1709,155.4,60,Road,East,Standard,8.83
W4-0763,1686,11.9,116,Rail,East,Standard,10.8
W4-0764,662,116.5,69,Rail,North,Standard,6.1
W4-0765,1408,131.5,100,Rail,East,Standard,10.33
W4-0766,1110,55.2,20,Road,South,Standard,9.5
W4-0767,873,36.6,17,Road,South,Standard,6.61
W4-0768,269,48.7,111,Road,North,Standard,4.09
W4-0769,689,87.3,63,Rail,South,Standard,6.3
W4-0770,1180,26.0,67,Sea,South,Standard,10.44
W4-0771,1776,236.9,21,Rail,North,Standard,9.44
W4-0772,28,102.4,27,Rail,East,Standard,5.88
W4-0773,1297,202.6,98,Sea,South,Express,8.86
W4-0774,1526,243.7,37,Rail,North,Standard,9.88
W4-0775,1713,22.0,70,Road,East,Standard,8.83
W4-0776,774,163.6,38,Air,North,Standard,3.59
W4-0777,230,218.1,32,Road,Central,Standard,4.12
W4-0778,502,159.3,20,Road,East,Express,2.98
W4-0779,1533,108.4,111,Road,Central,Express,9.37
W4-0780,1582,108.9,112,Sea,Central,Express,9.03
W4-0781,1153,10.9,14,Road,Central,Standard,6.97
W4-0782,238,134.6,43,Road,East,Standard,4.47
W4-0783,237,248.4,68,Road,East,Standard,4.48
W4-0784,871,239.8,46,Road,West,Standard,6.99
W4-0785,1067,12.0,86,Road,North,Standard,8.27
W4-0786,77,177.0,31,Rail,Central,Standard,4.31
W4-0787,1241,76.8,8,Air,South,Standard,4.94
W4-0788,989,225.9,41,Road,North,Express,5.7
W4-0789,41,13.2,72,Road,South,Standard,5.6
W4-0790,190,234.1,22,Road,South,Standard,6.98
W4-0791,828,209.7,98,Road,North,Express,6.13
W4-0792,1306,31.1,2,Rail,West,Standard,8.87
W4-0793,1489,16.8,9,Rail,North,Standard,8.88
W4-0794,787,209.0,61,Rail,Central,Standard,5.97
W4-0795,545,40.6,61,Road,East,Standard,4.88
W4-0796,1743,134.7,36,Rail,West,Standard,8.9
W4-0797,836,229.1,31,Road,South,Standard,5.8
W4-0798,581,142.7,9,Road,North,Standard,6.02
W4-0799,807,100.5,79,Sea,North,Standard,8.46
W4-0800,41,112.4,46,Air,West,Standard,3.06
W4-0801,557,17.7,15,Sea,West,Standard,4.59
W4-0802,937,242.3,48,Sea,South,Standard,11.28
W4-0803,1654,79.0,112,Rail,South,Standard,9.86
W4-0804,1334,49.0,32,Sea,Central,Standard,10.74
W4-0805,1410,72.9,107,Road,Central,Standard,6.79
W4-0806,989,241.2,31,Road,East,Standard,6.24
W4-0807,216,25.4,23,Road,South,Standard,2.79
W4-0808,715,217.1,32,Road,South,Standard,7.16
W4-0809,1794,177.5,39,Road,East,Standard,8.04
W4-0810,98,207.8,15,Road,East,Standard,3.38
W4-0811,1584,244.0,70,Rail,North,Standard,8.22
W4-0812,1238,210.9,40,Air,North,Standard,6.44
W4-0813,525,236.0,86,Rail,East,Standard,8.0
W4-0814,1404,33.5,59,Road,West,Standard,10.18
W4-0815,1509,199.4,53,Air,North,Standard,5.82
W4-0816,96,137.3,57,Road,East,Standard,5.03
W4-0817,209,136.8,19,Road,North,Standard,3.06
W4-0818,1205,224.9,85,Road,South,Standard,8.41
W4-0819,1798,243.0,13,Road,West,Standard,8.75
W4-0820,62,176.8,86,Road,South,Express,4.81
W4-0821,1204,121.8,119,Air,South,Express,6.86
W4-0822,263,115.2,91,Air,Central,Express,3.01
W4-0823,1177,97.8,55,Rail,North,Standard,7.21
W4-0824,1129,91.7,38,Road,North,Standard,7.91
W4-0825,180,99.1,104,Air,Central,Standard,3.18
W4-0826,1231,24.3,31,Rail,East,Standard,7.74
W4-0827,1616,21.2,58,Road,North,Standard,7.58
W4-0828,1556,195.4,92,Rail,East,Standard,9.43
W4-0829,71,112.6,110,Road,East,Standard,7.07
W4-0830,457,232.8,110,Road,South,Standard,7.4
W4-0831,448,153.8,11,Road,East,Express,4.09
W4-0832,826,10.7,107,Road,West,Standard,7.12
W4-0833,274,41.1,14,Road,South,Standard,7.52
W4-0834,1540,53.0,70,Road,Central,Standard,9.4
W4-0835,1402,244.0,111,Road,East,Standard,8.39
W4-0836,1458,56.2,78,Sea,Central,Express,8.01
W4-0837,372,129.9,113,Road,North,Standard,5.68
W4-0838,45,234.2,41,Road,South,Express,4.02
W4-0839,1640,244.3,38,Road,West,Standard,8.46
W4-0840,534,60.6,39,Air,Central,Standard,3.73
W4-0841,1188,14.2,43,Rail,South,Standard,10.02
W4-0842,1638,40.1,82,Sea,Central,Standard,8.76
W4-0843,84,17.7,54,Road,North,Standard,3.08
W4-0844,29,50.4,88,Road,East,Standard,4.35
W4-0845,29,143.0,50,Rail,South,Express,4.13
W4-0846,298,228.3,37,Road,East,Standard,7.28
W4-0847,111,135.2,23,Air,Central,Express,1.84
W4-0848,1479,157.2,66,Air,West,Standard,8.04
W4-0849,1098,52.1,107,Road,West,Express,6.61
W4-0850,1764,200.5,103,Sea,South,Standard,11.69
W4-0851,1446,155.2,31,Rail,Central,Standard,6.94
W4-0852,1734,216.3,57,Road,East,Standard,10.06
W4-0853,444,237.3,84,Road,West,Standard,7.04
W4-0854,532,88.3,73,Road,West,Express,6.34
W4-0855,1531,24.5,8,Air,West,Standard,6.06
W4-0856,455,58.0,71,Road,West,Standard,5.92
W4-0857,121,110.6,5,Road,East,Standard,4.37
W4-0858,1211,236.5,14,Rail,West,Standard,9.42
W4-0859,1445,95.8,78,Road,Central,Standard,6.56
W4-0860,1743,193.2,13,Road,South,Standard,9.97
W4-0861,1671,136.0,41,Rail,East,Standard,9.54
W4-0862,234,47.3,71,Road,North,Standard,3.8
W4-0863,1394,81.5,78,Road,South,Standard,6.78
W4-0864,1526,164.0,54,Road,West,Express,7.46
W4-0865,1262,168.9,12,Road,West,Standard,9.15
W4-0866,1479,109.8,96,Road,South,Standard,11.04
W4-0867,1511,58.7,114,Air,East,Standard,7.62
W4-0868,814,181.0,106,Sea,Central,Standard,10.44
W4-0869,91,43.9,90,Road,North,Standard,4.66
W4-0870,832,234.3,48,Sea,North,Standard,9.09
W4-0871,379,48.6,105,Rail,South,Standard,6.8
W4-0872,222,28.6,59,Rail,West,Standard,5.53
W4-0873,242,125.4,17,Rail,South,Standard,5.31
W4-0874,1261,130.8,102,Rail,Central,Express,5.34
W4-0875,918,128.0,39,Air,Central,Standard,5.73
W4-0876,980,110.3,112,Road,East,Standard,7.1
W4-0877,1346,248.7,44,Road,South,Standard,7.87
W4-0878,995,122.6,104,Road,North,Standard,6.23
W4-0879,1141,120.5,64,Road,Central,Standard,6.91
W4-0880,173,106.6,56,Rail,Central,Standard,7.0
W4-0881,1535,18.6,36,Road,East,Standard,10.2
W4-0882,818,149.1,100,Road,East,Standard,5.59
W4-0883,296,58.5,8,Road,West,Standard,4.54
W4-0884,1467,160.1,56,Road,West,Express,6.42
W4-0885,1327,14.6,44,Rail,North,Standard,9.14
W4-0886,114,245.4,65,Rail,West,Standard,6.56
W4-0887,363,118.3,31,Road,Central,Standard,4.03
W4-0888,48,224.4,80,Road,West,Express,4.21
W4-0889,501,119.9,46,Road,East,Standard,5.23
W4-0890,197,17.0,23,Road,East,Standard,6.04
W4-0891,1283,205.9,24,Rail,South,Standard,9.52
W4-0892,950,162.7,83,Rail,West,Standard,9.19
W4-0893,1764,195.9,32,Road,South,Standard,6.85
W4-0894,1353,108.2,37,Road,South,Express,6.95
W4-0895,1108,160.2,75,Sea,South,Standard,11.92
W4-0896,926,214.3,40,Air,South,Standard,6.97
W4-0897,117,158.5,47,Road,South,Standard,3.44
W4-0898,144,88.2,30,Road,North,Express,2.6
W4-0899,1117,166.3,42,Road,West,Express,5.17
W4-0900,27,168.6,83,Sea,East,Standard,8.32
W4-0901,95,240.2,64,Road,Central,Standard,4.84
W4-0902,410,94.0,119,Road,North,Standard,5.23
W4-0903,1593,107.4,92,Sea,West,Standard,11.05
W4-0904,836,203.4,3,Rail,North,Express,2.84
W4-0905,1283,127.4,46,Road,East,Standard,6.7
W4-0906,752,184.7,35,Road,East,Standard,6.4
W4-0907,328,116.0,70,Road,East,Standard,6.38
W4-0908,680,55.4,32,Rail,West,Standard,5.04
W4-0909,183,186.8,115,Road,Central,Express,3.65
W4-0910,1391,34.5,36,Sea,South,Standard,10.87
W4-0911,346,51.2,63,Sea,Central,Standard,5.02
W4-0912,689,157.5,15,Road,North,Standard,5.84
W4-0913,1764,187.3,109,Rail,South,Express,9.99
W4-0914,1073,223.9,109,Road,South,Standard,10.39
W4-0915,836,69.6,95,Road,Central,Express,5.05
W4-0916,986,29.5,42,Air,North,Standard,4.49
W4-0917,1415,239.1,7,Road,South,Standard,9.24
W4-0918,472,40.3,85,Road,East,Standard,4.62
W4-0919,1152,51.0,52,Road,Central,Standard,6.64
W4-0920,1573,74.2,118,Road,East,Standard,8.85
W4-0921,1038,133.3,84,Road,Central,Standard,6.97
W4-0922,814,220.9,65,Rail,West,Standard,8.91
W4-0923,278,190.6,118,Air,West,Standard,5.18
W4-0924,461,177.6,96,Rail,West,Standard,6.67
W4-0925,1703,45.4,55,Air,North,Standard,6.87
W4-0926,983,90.7,3,Road,East,Standard,7.89
W4-0927,556,120.6,12,Air,East,Standard,2.82
W4-0928,764,38.6,53,Road,South,Express,5.67
W4-0929,1048,69.8,67,Road,North,Express,5.51
W4-0930,976,78.5,4,Sea,North,Standard,7.61
W4-0931,1265,33.6,16,Road,West,Standard,5.86
W4-0932,478,138.5,84,Road,West,Standard,7.85
W4-0933,1175,176.8,90,Road,South,Standard,7.85
W4-0934,807,19.3,4,Road,West,Express,5.84
W4-0935,1694,121.3,61,Road,West,Standard,8.71
W4-0936,301,196.0,10,Road,Central,Standard,3.78
W4-0937,284,187.5,87,Air,Central,Standard,4.68
W4-0938,841,204.1,100,Road,Central,Standard,7.92
W4-0939,924,113.2,104,Road,North,Express,6.11
W4-0940,1249,205.5,72,Road,West,Standard,9.22
W4-0941,739,61.7,75,Air,South,Standard,4.98
W4-0942,1646,91.5,111,Road,East,Standard,9.44
W4-0943,864,45.7,73,Road,West,Express,5.18
W4-0944,250,117.9,54,Road,West,Standard,6.35
W4-0945,232,99.2,90,Rail,East,Express,4.3
W4-0946,1752,61.7,71,Air,Central,Express,7.07
W4-0947,258,188.4,101,Rail,North,Standard,6.05
W4-0948,1707,79.8,63,Air,North,Express,5.63
W4-0949,514,69.7,104,Road,North,Standard,6.8
W4-0950,186,34.5,6,Road,Central,Standard,3.75
W4-0951,562,110.8,5,Road,East,Standard,5.06
W4-0952,1114,77.1,12,Road,East,Standard,6.8
W4-0953,781,93.6,67,Road,West,Standard,7.84
W4-0954,1418,60.5,85,Road,East,Standard,7.81
W4-0955,1107,191.3,26,Road,East,Standard,7.08
W4-0956,733,232.6,19,Rail,North,Standard,6.73
W4-0957,1149,125.5,103,Road,North,Standard,8.68
W4-0958,1749,161.5,90,Rail,Central,Standard,9.81
W4-0959,753,217.1,78,Rail,East,Standard,9.56
W4-0960,293,249.7,59,Road,North,Express,3.82
W4-0961,747,154.2,51,Road,South,Express,5.45
W4-0962,1515,222.7,3,Rail,South,Standard,9.2
W4-0963,407,227.3,23,Rail,South,Standard,5.39
W4-0964,1709,198.3,107,Road,South,Standard,9.24
W4-0965,1067,116.3,41,Road,West,Standard,6.9
W4-0966,1090,22.1,84,Rail,North,Standard,9.16
W4-0967,584,5.9,84,Rail,South,Standard,7.42
W4-0968,1658,120.3,37,Road,East,Standard,8.16
W4-0969,84,124.6,25,Road,East,Standard,5.6
W4-0970,551,103.0,83,Air,Central,Standard,5.5
W4-0971,764,142.9,12,Road,Central,Standard,6.8
W4-0972,869,138.9,59,Air,South,Express,3.42
W4-0973,863,209.5,106,Road,East,Standard,7.07
W4-0974,283,28.9,85,Road,North,Standard,6.94
W4-0975,421,57.8,91,Road,West,Standard,6.46
W4-0976,189,198.7,10,Road,North,Standard,4.05
W4-0977,1038,212.3,24,Sea,North,Standard,9.06
W4-0978,644,248.7,33,Road,West,Standard,7.5
W4-0979,1027,218.5,35,Sea,North,Standard,7.89
W4-0980,1069,222.7,24,Road,East,Standard,7.37
W4-0981,1269,80.0,116,Air,North,Standard,7.32
W4-0982,993,101.6,20,Sea,West,Standard,7.4
W4-0983,1173,68.5,85,Rail,West,Standard,8.96
W4-0984,1065,152.4,70,Road,East,Standard,6.43
W4-0985,1181,234.8,73,Rail,Central,Express,6.07
W4-0986,1117,87.5,26,Road,East,Standard,6.46
W4-0987,582,140.1,37,Sea,North,Standard,7.63
W4-0988,458,75.5,73,Road,North,Express,3.91
W4-0989,1421,44.1,36,Road,South,Standard,7.71
W4-0990,630,50.4,83,Road,South,Standard,6.91
W4-0991,997,16.4,5,Rail,South,Standard,6.47
W4-0992,370,237.4,9,Sea,South,Standard,7.69
W4-0993,787,101.9,87,Road,East,Standard,8.05
W4-0994,962,208.9,74,Air,North,Express,3.96
W4-0995,1134,171.0,6,Sea,West,Express,7.4
W4-0996,956,49.6,107,Road,South,Standard,8.37
W4-0997,661,45.5,1,Road,West,Standard,3.71
W4-0998,1731,203.4,114,Rail,East,Standard,11.27
W4-0999,932,67.6,87,Rail,Central,Standard,10.63
W4-1000,1458,228.5,118,Road,East,Standard,9.19
W4-1001,1331,36.7,113,Air,South,Standard,7.11
W4-1002,1013,170.1,38,Road,East,Standard,7.81
W4-1003,1597,204.0,91,Sea,West,Standard,12.85
W4-1004,248,60.3,26,Air,East,Standard,3.86
W4-1005,1659,70.5,57,Air,East,Standard,4.84
W4-1006,1533,241.2,29,Road,East,Standard,9.03
W4-1007,916,67.6,58,Road,South,Express,8.61
W4-1008,1325,108.6,104,Road,South,Standard,9.67
W4-1009,946,109.3,52,Road,Central,Standard,5.28
W4-1010,498,64.8,11,Rail,West,Standard,6.55
W4-1011,1443,194.4,39,Road,North,Standard,6.67
W4-1012,457,193.4,94,Road,Central,Express,5.75
W4-1013,579,95.8,63,Road,West,Express,4.12
W4-1014,944,209.1,67,Road,North,Standard,7.08
W4-1015,1510,54.8,52,Road,West,Standard,7.75
W4-1016,703,3.1,35,Rail,East,Standard,6.13
W4-1017,899,143.6,72,Air,Central,Standard,6.3
W4-1018,94,248.5,76,Road,East,Standard,5.36
W4-1019,226,11.6,107,Air,East,Standard,3.14
W4-1020,119,53.6,74,Air,South,Standard,2.46
W4-1021,148,130.7,119,Road,South,Standard,4.31
W4-1022,1565,202.9,99,Rail,West,Standard,9.16
W4-1023,1518,24.1,10,Road,Central,Standard,7.37
W4-1024,1482,100.0,47,Road,Central,Standard,8.74
W4-1025,118,187.3,46,Road,West,Standard,4.58
W4-1026,158,94.1,1,Road,West,Standard,6.09
W4-1027,519,48.8,22,Air,East,Standard,2.81
W4-1028,1026,50.5,91,Sea,South,Standard,9.35
W4-1029,614,103.7,42,Air,West,Standard,3.35
W4-1030,887,120.9,18,Rail,South,Express,7.38
W4-1031,327,215.7,35,Rail,South,Express,7.41
W4-1032,1320,161.3,33,Sea,Central,Standard,7.13
W4-1033,578,173.2,21,Road,East,Standard,5.37
W4-1034,138,245.8,13,Road,South,Standard,6.38
W4-1035,1341,104.1,91,Rail,Central,Standard,7.28
W4-1036,1626,102.0,99,Road,Central,Standard,9.34
W4-1037,46,231.0,60,Road,South,Standard,6.62
W4-1038,797,63.0,74,Road,East,Standard,6.79
W4-1039,1492,183.0,110,Rail,East,Standard,10.56
W4-1040,1276,189.1,101,Road,West,Standard,10.61
W4-1041,1544,26.3,4,Road,Central,Standard,9.21
W4-1042,759,118.1,114,Road,East,Standard,7.14
W4-1043,682,51.7,8,Road,West,Standard,5.36
W4-1044,1282,48.0,4,Air,East,Standard,4.4
W4-1045,293,117.0,48,Road,Central,Standard,5.66
W4-1046,446,73.8,89,Rail,East,Standard,5.42
W4-1047,1089,199.4,10,Air,South,Standard,5.43
W4-1048,1209,227.1,35,Road,East,Standard,7.76
W4-1049,233,201.1,32,Air,Central,Express,0.9
W4-1050,924,68.0,48,Rail,West,Standard,8.12
W4-1051,669,70.0,118,Rail,North,Standard,9.98
W4-1052,913,65.2,40,Road,North,Standard,6.19
W4-1053,1726,35.5,25,Road,East,Express,6.78
W4-1054,156,236.1,15,Sea,Central,Standard,6.78
W4-1055,1791,101.7,24,Air,East,Express,5.94
W4-1056,820,57.7,16,Sea,East,Standard,9.1
W4-1057,1394,212.0,69,Sea,West,Standard,10.59
W4-1058,775,101.0,51,Road,East,Standard,6.21
W4-1059,573,10.7,60,Air,Central,Standard,1.77
W4-1060,1391,42.2,100,Road,West,Standard,7.23
W4-1061,1244,160.5,70,Air,West,Standard,4.7
W4-1062,276,196.2,19,Road,West,Standard,5.63
W4-1063,1275,54.3,45,Road,West,Express,5.24
W4-1064,1360,229.5,38,Air,North,Standard,7.25
W4-1065,710,213.0,99,Air,East,Standard,5.31
W4-1066,1667,212.4,37,Rail,North,Standard,9.11
W4-1067,1160,58.5,17,Road,East,Express,4.83
W4-1068,613,14.5,88,Road,North,Express,5.32
W4-1069,39,217.1,51,Sea,East,Standard,5.54
W4-1070,1221,77.8,12,Road,South,Express,5.33
W4-1071,392,155.5,83,Road,North,Express,5.53
W4-1072,1366,190.5,26,Rail,North,Express,7.44
W4-1073,954,33.8,104,Road,East,Express,5.89
W4-1074,850,195.6,100,Rail,North,Standard,8.57
W4-1075,311,234.8,44,Road,Central,Standard,4.92
W4-1076,1286,182.6,67,Air,West,Standard,7.04
W4-1077,315,111.4,68,Sea,West,Standard,6.55
W4-1078,763,219.4,78,Sea,North,Standard,10.35
W4-1079,1508,132.8,9,Rail,West,Standard,8.46
W4-1080,1658,186.7,39,Road,West,Express,9.36
W4-1081,1780,205.5,21,Rail,South,Standard,10.06
W4-1082,1725,187.8,84,Air,North,Express,6.93
W4-1083,1009,73.4,9,Rail,East,Standard,8.04
W4-1084,376,31.2,62,Rail,West,Standard,7.64
W4-1085,1513,61.1,87,Air,North,Standard,5.81
W4-1086,1446,126.7,113,Rail,North,Standard,10.59
W4-1087,1782,127.3,35,Air,South,Standard,9.51
W4-1088,1178,146.5,1,Road,East,Standard,6.75
W4-1089,272,100.0,87,Road,East,Standard,5.59
W4-1090,915,197.1,1,Rail,East,Standard,6.69
W4-1091,817,228.5,8,Road,South,Standard,6.46
W4-1092,1520,63.2,118,Air,North,Express,7.45
W4-1093,718,184.7,103,Rail,North,Standard,6.59
W4-1094,604,170.1,85,Road,North,Standard,5.31
W4-1095,162,131.7,100,Air,West,Standard,5.6
W4-1096,1507,48.8,9,Rail,West,Express,8.2
W4-1097,1364,199.2,11,Air,East,Standard,8.04
W4-1098,93,240.2,36,Road,North,Standard,4.01
W4-1099,792,181.0,3,Air,East,Standard,4.41
W4-1100,873,229.6,106,Road,Central,Standard,6.47
W4-1101,855,246.1,7,Rail,South,Standard,7.87
W4-1102,1655,89.3,65,Road,East,Standard,7.14
W4-1103,288,160.3,102,Rail,East,Standard,7.39
W4-1104,565,119.5,88,Rail,South,Standard,8.01
W4-1105,342,246.7,28,Rail,East,Standard,6.07
W4-1106,454,25.3,56,Road,East,Express,3.83
W4-1107,1634,104.3,66,Air,East,Standard,6.21
W4-1108,1694,219.1,92,Rail,West,Standard,11.43
W4-1109,99,72.4,51,Road,East,Standard,3.45
W4-1110,1145,197.4,34,Sea,North,Standard,9.23
W4-1111,434,96.9,95,Rail,North,Standard,8.65
W4-1112,362,245.0,106,Sea,East,Standard,9.4
W4-1113,539,221.1,59,Sea,Central,Standard,5.76
W4-1114,366,76.7,4,Sea,North,Standard,5.53
W4-1115,892,193.0,60,Air,North,Standard,5.37
W4-1116,1792,85.5,106,Rail,West,Standard,10.79
W4-1117,1063,152.4,118,Road,East,Express,5.42
W4-1118,1307,165.3,48,Road,South,Standard,8.83
W4-1119,898,207.7,18,Air,South,Standard,5.28
W4-1120,44,8.1,69,Road,West,Standard,6.77
W4-1121,169,56.6,99,Air,East,Standard,3.29
W4-1122,498,178.6,113,Road,West,Express,6.79
W4-1123,453,141.8,7,Road,South,Standard,4.39
W4-1124,1516,124.9,35,Road,East,Standard,7.23
W4-1125,1521,15.7,57,Road,Central,Standard,8.54
W4-1126,1540,88.4,12,Road,South,Standard,9.56
W4-1127,1154,216.5,106,Road,South,Express,6.58
W4-1128,1009,9.7,14,Air,North,Standard,4.37
W4-1129,1175,100.3,80,Road,West,Standard,6.77
W4-1130,744,236.4,110,Road,North,Standard,6.87
W4-1131,1212,14.6,82,Road,South,Standard,9.14
W4-1132,1434,187.9,91,Road,West,Standard,8.71
W4-1133,1377,65.9,32,Road,North,Standard,7.19
W4-1134,1112,216.9,99,Rail,Central,Standard,7.32
W4-1135,123,187.0,50,Air,East,Standard,2.45
W4-1136,1310,221.7,8,Road,South,Standard,9.84
W4-1137,672,55.5,44,Rail,East,Standard,6.88
W4-1138,1343,133.8,42,Road,West,Express,5.9
W4-1139,980,195.3,63,Road,East,Standard,7.01
W4-1140,1588,62.9,32,Air,Central,Standard,4.39
W4-1141,622,59.2,56,Road,Central,Standard,4.51
W4-1142,1677,8.7,51,Air,South,Express,7.4
W4-1143,1523,239.7,39,Road,West,Standard,8.71
W4-1144,609,178.1,83,Road,South,Standard,8.95
W4-1145,878,159.6,37,Road,Central,Standard,6.08
W4-1146,965,186.5,92,Road,South,Standard,8.08
W4-1147,1388,133.8,30,Sea,South,Standard,10.62
W4-1148,1246,120.1,103,Road,West,Standard,5.98
W4-1149,1536,113.5,44,Air,West,Standard,7.1
W4-1150,678,160.8,5,Air,North,Express,2.32
W4-1151,918,52.0,18,Rail,East,Standard,8.62
W4-1152,786,222.2,96,Road,South,Standard,8.73
W4-1153,1639,203.3,104,Road,West,Standard,8.73
W4-1154,562,88.7,26,Road,East,Express,5.51
W4-1155,1065,145.5,72,Air,Central,Express,3.7
W4-1156,233,37.0,69,Road,Central,Standard,3.71
W4-1157,1533,243.1,16,Sea,West,Standard,10.41
W4-1158,703,225.9,54,Rail,West,Standard,7.45
W4-1159,626,230.6,83,Road,Central,Express,6.44
W4-1160,1057,84.4,116,Rail,North,Standard,8.78
W4-1161,907,43.9,101,Road,West,Standard,7.79
W4-1162,1529,54.5,12,Sea,West,Standard,10.68
W4-1163,965,24.3,29,Road,North,Express,6.03
W4-1164,940,31.8,52,Sea,Central,Express,7.34
W4-1165,206,19.7,18,Air,West,Express,3.02
W4-1166,59,247.5,68,Air,South,Standard,4.37
W4-1167,729,20.4,2,Road,East,Standard,5.75
W4-1168,1796,34.9,14,Air,East,Express,6.7
W4-1169,1652,207.2,6,Road,Central,Standard,7.84
W4-1170,1139,145.9,36,Air,Central,Standard,5.05
W4-1171,1142,194.1,91,Road,Central,Express,8.01
W4-1172,716,158.5,22,Road,West,Standard,7.99
W4-1173,335,220.8,118,Road,North,Standard,6.03
W4-1174,35,160.3,33,Road,Central,Standard,3.46
W4-1175,623,131.5,6,Road,North,Standard,6.74
W4-1176,583,178.8,40,Air,North,Standard,4.67
W4-1177,361,113.0,90,Road,North,Standard,5.87
W4-1178,481,87.8,13,Air,Central,Standard,2.58
W4-1179,64,118.0,9,Road,East,Express,3.14
W4-1180,1102,44.1,102,Air,South,Standard,6.49
W4-1181,1670,199.5,71,Air,North,Standard,6.48
W4-1182,1249,66.7,41,Road,East,Standard,7.64
W4-1183,817,40.1,90,Rail,West,Standard,8.28
W4-1184,768,63.1,101,Sea,Central,Standard,7.68
W4-1185,567,210.8,43,Air,East,Standard,5.13
W4-1186,273,83.9,67,Road,West,Standard,6.88
W4-1187,1085,172.1,2,Road,Central,Standard,7.29
W4-1188,1028,214.4,37,Air,Central,Standard,4.6
W4-1189,33,21.3,71,Road,South,Express,4.54
W4-1190,759,191.7,24,Air,Central,Standard,4.05
W4-1191,514,78.3,118,Road,East,Standard,5.29
W4-1192,323,55.7,116,Air,Central,Express,3.03
W4-1193,1271,172.8,31,Road,North,Standard,7.51
W4-1194,955,227.6,48,Road,North,Standard,9.44
W4-1195,1148,75.2,23,Sea,Central,Standard,9.6
W4-1196,1289,143.1,60,Air,West,Standard,7.21
W4-1197,1767,73.9,15,Air,North,Standard,6.73
W4-1198,1448,139.5,47,Sea,Central,Standard,9.52
W4-1199,1124,156.2,67,Road,North,Standard,6.37
