shipment_id,date,region,transport_mode,product_category,distance_km,shipment_volume_units,weight_kg,delivery_time_days,estimated_delivery_days,delay_days,transport_cost,on_time
S00001,2026-08-01,West,Road,Industrial,427.3,9.9,12.4,2.93,5.61,-2.68,214.35,1
S00002,2026-10-01,East,Road,Apparel,392.1,27.9,28.1,4.18,5.65,-1.48,284.84,1
S00003,2026-08-01,Central,Road,Industrial,745.4,33.3,42.4,3.23,5.29,-2.06,375.0,1
S00004,2026-08-01,West,Road,Furniture,1711.9,46.4,47.3,8.12,8.59,-0.46,716.08,1
S00005,2026-06-01,North,Rail,Electronics,499.9,14.2,20.7,4.16,5.68,-1.52,151.29,1
S00006,2026-03-01,Central,Road,Industrial,1128.7,36.7,64.5,6.31,5.96,0.36,520.2,0
S00007,2026-04-01,West,Sea,Grocery,306.5,48.6,84.8,4.27,6.89,-2.62,347.16,1
S00008,2026-09-01,West,Road,Electronics,139.8,6.9,10.7,3.91,4.4,-0.49,138.83,1
S00009,2026-01-01,North,Rail,Electronics,241.6,29.9,37.2,5.09,4.74,0.35,349.3,0
S00010,2026-02-01,East,Road,Furniture,319.5,37.5,54.3,5.22,5.04,0.19,303.05,0
S00011,2026-05-01,South,Rail,Electronics,1186.2,17.0,11.0,6.94,8.02,-1.08,261.71,1
S00012,2026-10-01,Central,Rail,Apparel,407.2,9.1,9.8,4.65,5.72,-1.06,163.32,1
S00013,2026-08-01,West,Road,Electronics,762.6,37.1,28.2,5.85,6.08,-0.23,365.58,1
S00014,2026-08-01,Central,Sea,Apparel,288.7,9.2,3.7,7.04,6.38,0.65,168.57,0
S00015,2026-07-01,East,Road,Apparel,264.1,17.9,31.4,2.08,4.44,-2.36,202.84,1
S00016,2026-02-01,South,Road,Grocery,103.2,19.6,31.5,2.95,5.1,-2.15,223.14,1
S00017,2026-04-01,East,Rail,Apparel,1163.4,32.0,35.8,10.74,8.02,2.72,324.06,0
S00018,2026-01-01,North,Air,Electronics,919.7,13.4,10.1,3.51,4.93,-1.41,372.45,1
S00019,2026-10-01,Central,Road,Grocery,456.0,12.9,17.6,1.6,4.72,-3.12,215.22,1
S00020,2026-10-01,West,Road,Apparel,332.7,21.4,21.6,3.7,4.29,-0.6,187.58,1
S00021,2026-04-01,West,Air,Furniture,417.6,38.6,58.9,0.7,4.26,-3.56,476.48,1
S00022,2026-04-01,South,Air,Electronics,135.0,88.8,159.9,2.88,3.23,-0.36,579.88,1
S00023,2026-04-01,Central,Sea,Electronics,535.2,7.5,6.7,6.8,6.88,-0.08,115.99,1
S00024,2026-11-01,Central,Road,Apparel,873.8,24.7,18.3,3.99,6.17,-2.18,366.43,1
S00025,2026-06-01,West,Rail,Apparel,900.7,9.9,7.7,6.21,7.12,-0.9,200.35,1
S00026,2026-10-01,South,Road,Apparel,107.1,38.9,20.7,5.25,4.34,0.91,226.91,0
S00027,2026-06-01,East,Sea,Furniture,758.2,10.9,10.4,4.72,7.93,-3.22,259.71,1
S00028,2026-09-01,North,Road,Apparel,135.8,13.0,5.5,1.63,3.83,-2.2,121.81,1
S00029,2026-07-01,North,Air,Grocery,53.6,13.7,7.7,1.16,2.62,-1.45,147.86,1
S00030,2026-04-01,West,Road,Grocery,775.9,19.1,14.9,4.71,6.27,-1.55,299.54,1
S00031,2026-11-01,West,Rail,Electronics,272.2,24.8,15.5,4.69,6.27,-1.58,248.34,1
S00032,2026-09-01,Central,Rail,Grocery,709.5,27.5,39.2,3.89,6.38,-2.49,318.53,1
S00033,2026-10-01,South,Road,Apparel,670.6,20.0,11.0,5.93,6.51,-0.58,260.03,1
S00034,2026-12-01,South,Sea,Apparel,618.2,8.5,13.6,6.93,7.63,-0.7,156.98,1
S00035,2026-03-01,East,Road,Electronics,414.2,32.2,22.9,5.04,5.17,-0.13,298.83,1
S00036,2026-02-01,South,Rail,Furniture,148.9,19.4,10.7,5.26,6.31,-1.05,208.19,1
S00037,2026-07-01,North,Road,Industrial,319.9,42.7,17.7,4.05,4.46,-0.41,292.3,1
S00038,2026-04-01,East,Road,Electronics,909.9,12.7,17.8,3.92,6.69,-2.77,374.79,1
S00039,2026-06-01,South,Road,Grocery,720.9,7.1,5.4,6.42,6.53,-0.11,209.12,1
S00040,2026-03-01,West,Road,Furniture,331.8,19.6,21.9,4.01,5.18,-1.18,234.24,1
S00041,2026-05-01,East,Road,Apparel,329.0,46.6,25.9,3.91,5.68,-1.77,317.93,1
S00042,2026-05-01,Central,Rail,Furniture,583.9,22.3,39.7,6.43,6.42,0.01,219.84,0
S00043,2026-05-01,West,Rail,Grocery,434.4,17.6,10.2,4.61,6.25,-1.64,174.87,1
S00044,2026-09-01,South,Rail,Industrial,343.9,11.4,11.1,7.24,6.36,0.88,134.1,0
S00045,2026-08-01,Central,Road,Industrial,553.2,63.0,100.3,6.04,4.59,1.46,513.61,0
S00046,2026-06-01,West,Road,Electronics,541.6,10.3,7.6,5.95,5.62,0.33,185.23,0
S00047,2026-02-01,South,Road,Apparel,246.6,12.5,9.7,3.26,5.34,-2.08,202.41,1
S00048,2026-07-01,South,Air,Grocery,492.4,29.1,44.6,0.83,4.69,-3.86,366.47,1
S00049,2026-03-01,West,Air,Electronics,520.7,6.0,4.7,4.69,4.42,0.27,237.99,0
S00050,2026-04-01,North,Road,Apparel,393.3,46.0,18.6,4.13,4.14,-0.01,347.95,1
S00051,2026-05-01,South,Rail,Industrial,227.3,30.1,30.1,4.3,6.42,-2.12,288.31,1
S00052,2026-02-01,North,Road,Electronics,313.0,36.0,15.0,5.24,4.42,0.81,307.3,0
S00053,2026-05-01,West,Road,Apparel,193.4,28.9,48.3,2.96,4.24,-1.28,267.48,1
S00054,2026-04-01,West,Road,Industrial,501.1,18.1,23.5,4.36,6.26,-1.9,209.05,1
S00055,2026-11-01,West,Road,Apparel,107.7,10.1,12.2,4.46,5.23,-0.78,103.86,1
S00056,2026-11-01,West,Rail,Grocery,967.1,18.3,12.5,5.59,7.82,-2.22,225.09,1
S00057,2026-01-01,East,Sea,Industrial,848.9,10.7,14.7,7.02,8.21,-1.19,243.48,1
S00058,2026-08-01,East,Road,Grocery,528.7,27.5,37.1,6.03,5.75,0.28,335.56,0
S00059,2026-08-01,North,Road,Electronics,694.9,33.9,16.4,5.09,6.23,-1.13,329.96,1
S00060,2026-05-01,North,Rail,Electronics,666.3,52.5,85.7,7.11,6.61,0.5,424.89,0
S00061,2026-06-01,West,Sea,Industrial,438.8,25.6,31.0,7.74,6.36,1.38,214.98,0
S00062,2026-10-01,East,Rail,Apparel,350.6,36.6,55.3,4.98,6.68,-1.7,284.45,1
S00063,2026-05-01,East,Road,Grocery,323.6,16.6,12.7,1.18,5.33,-4.15,228.4,1
S00064,2026-01-01,West,Rail,Electronics,988.8,14.7,8.4,5.66,7.49,-1.83,242.82,1
S00065,2026-05-01,West,Road,Apparel,221.1,27.3,37.8,5.07,4.3,0.77,333.97,0
S00066,2026-04-01,East,Sea,Industrial,224.5,15.6,23.6,3.49,6.38,-2.89,219.96,1
S00067,2026-05-01,East,Road,Grocery,733.0,23.9,22.5,4.83,5.8,-0.97,372.32,1
S00068,2026-03-01,South,Rail,Industrial,690.7,10.1,4.4,6.94,7.38,-0.44,219.2,1
S00069,2026-02-01,North,Road,Apparel,336.6,11.3,17.5,5.67,4.91,0.77,179.88,0
S00070,2026-12-01,East,Road,Grocery,565.1,30.4,20.9,4.05,5.19,-1.14,344.93,1
S00071,2026-02-01,South,Air,Industrial,612.7,35.7,31.3,3.1,4.04,-0.95,440.61,1
S00072,2026-09-01,South,Rail,Apparel,142.9,10.6,13.5,4.93,5.89,-0.96,200.79,1
S00073,2026-09-01,Central,Road,Apparel,882.4,31.1,16.8,5.59,5.58,0.01,395.32,0
S00074,2026-08-01,South,Sea,Industrial,612.6,14.2,7.1,6.91,7.87,-0.97,198.07,1
S00075,2026-11-01,North,Air,Apparel,535.0,20.3,8.9,4.1,2.81,1.28,345.77,0
S00076,2026-01-01,South,Road,Grocery,615.6,50.5,84.9,4.51,6.08,-1.57,532.44,1
S00077,2026-04-01,South,Road,Industrial,494.4,33.9,28.4,5.32,6.23,-0.91,282.86,1
S00078,2026-03-01,West,Road,Electronics,378.2,33.7,44.6,5.11,5.55,-0.45,387.52,1
S00079,2026-07-01,East,Rail,Apparel,72.3,69.5,124.0,3.7,4.51,-0.81,477.09,1
S00080,2026-08-01,West,Road,Electronics,441.4,12.7,17.0,5.78,4.84,0.93,170.19,0
S00081,2026-11-01,West,Road,Apparel,132.1,10.6,12.0,4.05,4.57,-0.52,124.08,1
S00082,2026-05-01,South,Sea,Electronics,1226.9,12.6,14.2,9.79,9.79,0.01,178.77,0
S00083,2026-03-01,West,Sea,Furniture,373.9,17.0,15.8,6.38,7.04,-0.66,211.61,1
S00084,2026-12-01,North,Air,Electronics,1214.3,5.0,6.2,5.14,5.12,0.03,454.25,0
S00085,2026-09-01,North,Sea,Furniture,446.4,17.6,30.6,4.95,6.59,-1.64,213.98,1
S00086,2026-10-01,North,Air,Apparel,262.3,14.1,21.2,1.24,3.48,-2.24,274.01,1
S00087,2026-06-01,West,Air,Apparel,867.0,33.4,33.2,5.84,5.11,0.73,502.73,0
S00088,2026-06-01,East,Air,Apparel,521.2,25.3,21.9,3.84,2.93,0.91,359.53,0
S00089,2026-05-01,North,Road,Furniture,1493.4,13.6,22.3,5.77,7.85,-2.08,371.06,1
S00090,2026-09-01,East,Road,Grocery,257.4,29.5,17.4,4.14,5.64,-1.5,248.41,1
S00091,2026-03-01,North,Road,Apparel,889.2,32.1,51.1,2.4,5.43,-3.02,503.09,1
S00092,2026-12-01,West,Rail,Industrial,918.0,12.2,9.2,6.13,7.56,-1.43,261.44,1
S00093,2026-03-01,East,Road,Grocery,644.9,14.6,20.4,6.19,5.58,0.61,257.75,0
S00094,2026-06-01,South,Road,Electronics,922.6,5.0,7.6,6.21,7.11,-0.9,242.89,1
S00095,2026-04-01,South,Rail,Industrial,379.8,9.9,10.6,5.8,6.45,-0.65,163.29,1
S00096,2026-08-01,West,Road,Apparel,220.3,12.4,8.3,0.7,5.38,-4.68,176.21,1
S00097,2026-09-01,South,Road,Electronics,279.6,21.1,33.4,4.09,5.32,-1.23,225.54,1
S00098,2026-12-01,North,Air,Grocery,426.3,10.9,9.9,2.91,3.82,-0.92,283.0,1
S00099,2026-10-01,North,Air,Electronics,665.8,14.4,12.2,3.73,3.79,-0.06,326.24,1
S00100,2026-03-01,Central,Road,Apparel,232.1,9.1,10.1,4.55,3.87,0.68,126.56,0
S00101,2026-03-01,Central,Road,Furniture,323.8,22.4,22.7,3.34,3.96,-0.63,259.25,1
S00102,2026-11-01,West,Road,Electronics,246.2,26.5,35.9,3.98,3.98,0.0,219.56,0
S00103,2026-06-01,South,Air,Furniture,740.4,26.1,15.4,2.59,5.09,-2.5,464.41,1
S00104,2026-02-01,Central,Air,Industrial,1208.5,20.2,20.4,4.2,6.18,-1.98,567.52,1
S00105,2026-10-01,West,Road,Grocery,192.5,7.4,12.2,2.46,4.96,-2.51,82.99,1
S00106,2026-08-01,West,Air,Furniture,582.1,13.4,6.0,1.21,4.56,-3.35,327.39,1
S00107,2026-01-01,East,Road,Furniture,798.1,15.4,16.0,4.06,5.91,-1.85,236.07,1
S00108,2026-10-01,South,Road,Industrial,357.2,15.5,20.5,6.68,5.37,1.31,243.47,0
S00109,2026-08-01,North,Sea,Apparel,138.2,21.1,34.6,4.55,6.08,-1.53,193.37,1
S00110,2026-08-01,Central,Road,Electronics,862.0,50.7,62.5,5.37,6.8,-1.43,565.11,1
S00111,2026-11-01,East,Road,Grocery,131.0,34.1,52.9,2.92,5.01,-2.09,324.0,1
S00112,2026-06-01,South,Road,Grocery,1018.3,10.6,7.5,4.39,7.73,-3.34,269.38,1
S00113,2026-06-01,South,Rail,Electronics,242.4,31.2,27.9,6.44,5.99,0.45,187.73,0
S00114,2026-08-01,East,Sea,Grocery,114.9,30.5,52.3,2.4,5.92,-3.52,229.18,1
S00115,2026-03-01,North,Sea,Electronics,294.9,11.9,19.5,4.63,5.64,-1.02,119.3,1
S00116,2026-02-01,Central,Road,Industrial,403.8,34.9,41.2,3.75,3.8,-0.04,394.42,1
S00117,2026-11-01,West,Road,Apparel,462.0,18.1,19.3,5.07,4.92,0.15,248.71,0
S00118,2026-03-01,West,Air,Electronics,613.2,8.0,8.3,2.7,4.33,-1.63,343.72,1
S00119,2026-07-01,East,Road,Electronics,489.6,27.0,13.0,2.26,5.11,-2.85,279.43,1
S00120,2026-04-01,West,Air,Apparel,1149.5,23.1,38.1,4.09,5.06,-0.97,568.82,1
S00121,2026-03-01,East,Rail,Apparel,391.1,17.3,26.8,4.15,5.77,-1.62,210.54,1
S00122,2026-08-01,West,Road,Electronics,506.6,19.6,20.4,3.94,5.45,-1.51,303.41,1
S00123,2026-10-01,North,Air,Apparel,479.5,12.6,10.0,3.84,2.75,1.1,300.36,0
S00124,2026-06-01,South,Road,Electronics,103.1,29.9,26.3,2.57,4.6,-2.03,205.64,1
S00125,2026-02-01,North,Road,Apparel,165.0,19.5,11.2,3.73,3.9,-0.16,252.75,1
S00126,2026-03-01,East,Rail,Apparel,427.4,22.4,31.6,5.39,5.58,-0.19,231.84,1
S00127,2026-02-01,South,Road,Apparel,546.9,25.3,29.9,6.52,6.48,0.04,288.9,0
S00128,2026-11-01,North,Rail,Apparel,69.4,9.5,6.9,3.73,3.64,0.09,40.0,0
S00129,2026-04-01,North,Rail,Electronics,1181.4,11.2,14.3,7.97,6.69,1.28,285.31,0
S00130,2026-05-01,East,Sea,Electronics,575.3,5.0,8.9,6.18,7.1,-0.92,149.27,1
S00131,2026-01-01,North,Sea,Electronics,411.5,29.0,16.6,6.19,6.39,-0.21,249.72,1
S00132,2026-06-01,Central,Road,Furniture,558.5,9.1,9.5,2.37,5.15,-2.78,204.68,1
S00133,2026-11-01,East,Road,Industrial,282.9,21.9,23.9,0.7,4.42,-3.72,217.23,1
S00134,2026-05-01,South,Rail,Industrial,465.3,25.6,16.2,6.36,6.13,0.23,236.18,0
S00135,2026-08-01,East,Sea,Grocery,514.6,29.7,34.0,6.77,6.93,-0.16,287.09,1
S00136,2026-03-01,North,Road,Grocery,868.3,9.2,11.5,5.91,5.79,0.12,298.58,0
S00137,2026-02-01,Central,Road,Apparel,367.8,19.3,11.9,3.07,5.2,-2.13,223.7,1
S00138,2026-09-01,East,Road,Furniture,134.1,59.5,36.7,5.43,4.11,1.32,422.53,0
S00139,2026-01-01,West,Road,Furniture,215.9,61.2,97.9,3.52,4.77,-1.25,454.95,1
S00140,2026-06-01,North,Rail,Industrial,347.7,38.2,31.9,5.19,6.6,-1.41,286.8,1
S00141,2026-04-01,East,Road,Industrial,146.9,25.0,32.1,4.35,4.21,0.14,240.0,0
S00142,2026-01-01,East,Air,Apparel,198.3,10.5,13.4,4.3,3.13,1.17,143.7,0
S00143,2026-07-01,Central,Air,Furniture,217.5,32.0,50.5,1.31,2.73,-1.42,330.65,1
S00144,2026-12-01,East,Air,Furniture,331.7,18.1,26.0,1.7,3.59,-1.88,224.57,1
S00145,2026-01-01,East,Road,Apparel,570.5,28.9,45.6,2.91,5.63,-2.72,301.03,1
S00146,2026-10-01,South,Road,Industrial,320.8,13.3,17.0,6.63,5.49,1.14,129.73,0
S00147,2026-07-01,South,Air,Electronics,595.2,18.0,18.5,4.38,4.6,-0.22,351.34,1
S00148,2026-09-01,East,Air,Industrial,411.7,22.3,21.3,3.31,3.16,0.15,376.24,0
S00149,2026-02-01,East,Road,Furniture,203.5,23.6,21.9,7.66,4.63,3.03,225.07,0
S00150,2026-11-01,North,Air,Electronics,520.2,27.7,27.3,3.15,4.46,-1.31,406.11,1
S00151,2026-01-01,Central,Road,Furniture,469.2,13.8,8.0,2.38,5.31,-2.93,304.83,1
S00152,2026-11-01,Central,Air,Electronics,605.1,8.4,8.3,2.54,3.63,-1.1,324.21,1
S00153,2026-08-01,North,Road,Furniture,684.7,57.7,54.6,3.58,5.93,-2.35,467.27,1
S00154,2026-05-01,East,Road,Furniture,885.0,101.3,45.4,5.16,5.92,-0.76,697.22,1
S00155,2026-01-01,North,Road,Grocery,582.7,26.9,21.1,4.02,5.09,-1.07,311.62,1
S00156,2026-08-01,West,Road,Industrial,459.2,8.5,12.3,4.04,5.95,-1.91,177.98,1
S00157,2026-02-01,South,Road,Electronics,606.9,12.2,14.7,3.74,6.93,-3.19,225.41,1
S00158,2026-08-01,West,Road,Apparel,298.9,28.0,42.7,6.32,4.64,1.68,316.18,0
S00159,2026-10-01,West,Road,Apparel,283.3,48.0,55.7,4.66,4.75,-0.08,414.8,1
S00160,2026-04-01,West,Air,Electronics,959.0,9.1,14.6,4.28,6.35,-2.07,375.09,1
S00161,2026-03-01,North,Road,Apparel,277.4,18.5,28.1,4.62,4.42,0.2,195.71,0
S00162,2026-03-01,Central,Rail,Apparel,221.7,22.8,12.3,4.7,5.73,-1.02,190.37,1
S00163,2026-03-01,South,Air,Apparel,582.5,35.2,62.3,4.16,4.62,-0.46,484.96,1
S00164,2026-02-01,North,Road,Apparel,300.7,16.1,6.8,4.59,4.56,0.03,241.49,0
S00165,2026-03-01,East,Road,Industrial,680.4,7.3,9.0,5.26,5.64,-0.38,326.48,1
S00166,2026-08-01,South,Air,Apparel,845.5,30.1,45.4,5.39,5.72,-0.33,497.04,1
S00167,2026-04-01,Central,Air,Industrial,245.4,41.7,36.1,2.72,3.16,-0.44,349.79,1
S00168,2026-10-01,West,Road,Apparel,627.2,19.0,23.6,5.45,5.42,0.02,306.83,0
S00169,2026-10-01,South,Air,Apparel,272.6,26.1,23.7,2.68,3.48,-0.8,269.86,1
S00170,2026-10-01,Central,Road,Grocery,352.9,14.8,7.2,5.59,4.84,0.76,200.35,0
S00171,2026-07-01,South,Road,Apparel,504.9,11.6,4.8,4.61,5.84,-1.23,202.1,1
S00172,2026-04-01,East,Air,Apparel,283.8,39.1,20.9,2.88,2.84,0.04,261.96,0
S00173,2026-12-01,South,Road,Grocery,475.9,25.8,13.9,5.64,6.33,-0.69,286.68,1
S00174,2026-03-01,Central,Air,Electronics,373.0,27.6,34.7,1.37,3.39,-2.01,334.8,1
S00175,2026-06-01,North,Road,Apparel,689.9,53.3,60.6,3.81,5.29,-1.48,524.07,1
S00176,2026-06-01,North,Air,Grocery,691.0,10.1,10.5,2.78,4.03,-1.25,347.48,1
S00177,2026-09-01,East,Road,Apparel,284.8,14.0,19.2,3.38,4.09,-0.71,154.88,1
S00178,2026-07-01,Central,Road,Industrial,512.3,22.3,9.4,2.3,4.38,-2.07,260.41,1
S00179,2026-10-01,Central,Road,Apparel,756.1,13.9,10.8,3.99,5.56,-1.58,203.69,1
S00180,2026-12-01,West,Road,Industrial,195.8,33.4,49.7,4.38,4.76,-0.38,250.53,1
S00181,2026-05-01,Central,Air,Furniture,371.4,17.8,29.8,3.71,2.35,1.37,314.94,0
S00182,2026-11-01,Central,Road,Industrial,498.1,10.5,10.7,4.78,4.43,0.35,206.42,0
S00183,2026-03-01,East,Road,Industrial,189.3,21.0,10.8,0.7,3.89,-3.19,238.78,1
S00184,2026-11-01,South,Road,Electronics,309.1,22.4,34.1,5.46,5.59,-0.13,183.31,1
S00185,2026-03-01,West,Road,Grocery,1077.9,36.9,60.4,5.8,6.21,-0.41,466.81,1
S00186,2026-11-01,West,Air,Electronics,276.8,25.9,25.4,3.24,2.86,0.37,278.79,0
S00187,2026-05-01,South,Road,Furniture,298.9,27.1,20.1,4.61,4.4,0.21,294.29,0
S00188,2026-12-01,North,Sea,Grocery,578.4,24.7,11.4,5.87,7.02,-1.15,260.27,1
S00189,2026-02-01,West,Road,Apparel,171.9,17.8,21.8,3.85,3.78,0.07,219.75,0
S00190,2026-06-01,South,Rail,Industrial,376.9,12.6,21.1,5.62,6.36,-0.74,238.59,1
S00191,2026-11-01,Central,Road,Electronics,223.4,24.2,32.7,5.0,4.84,0.16,230.89,0
S00192,2026-01-01,South,Road,Grocery,475.3,16.2,13.7,5.1,6.66,-1.56,285.32,1
S00193,2026-04-01,North,Air,Furniture,30.0,60.2,78.3,2.74,1.5,1.24,373.0,0
S00194,2026-02-01,Central,Sea,Electronics,433.7,48.1,75.2,6.68,6.35,0.33,339.97,0
S00195,2026-04-01,North,Air,Grocery,506.9,30.3,32.3,3.54,2.91,0.63,421.2,0
S00196,2026-05-01,North,Road,Furniture,314.7,25.7,39.8,1.54,3.88,-2.34,219.39,1
S00197,2026-08-01,East,Road,Electronics,328.5,19.0,18.0,5.51,4.76,0.75,248.04,0
S00198,2026-04-01,Central,Rail,Grocery,288.1,8.8,7.9,3.73,5.61,-1.89,151.41,1
S00199,2026-02-01,South,Road,Apparel,373.6,17.5,21.2,5.73,5.84,-0.11,269.22,1
S00200,2026-03-01,South,Air,Furniture,966.7,21.5,22.5,3.67,5.23,-1.56,494.58,1
S00201,2026-12-01,West,Rail,Electronics,703.2,23.3,41.2,4.77,7.31,-2.53,286.28,1
S00202,2026-12-01,Central,Rail,Industrial,373.4,27.3,30.6,7.01,4.12,2.89,275.09,0
S00203,2026-03-01,East,Air,Industrial,309.2,36.6,34.3,1.26,2.78,-1.52,337.23,1
S00204,2026-03-01,North,Rail,Electronics,662.9,12.8,12.2,6.97,5.83,1.14,186.06,0
S00205,2026-01-01,North,Road,Apparel,455.7,12.9,15.0,4.31,4.91,-0.59,237.89,1
S00206,2026-12-01,South,Road,Grocery,185.7,51.6,46.3,3.79,4.91,-1.12,369.19,1
S00207,2026-09-01,North,Rail,Furniture,344.8,33.2,46.8,4.6,5.29,-0.69,278.52,1
S00208,2026-10-01,West,Road,Apparel,905.3,15.6,14.5,4.39,6.63,-2.24,311.07,1
S00209,2026-04-01,North,Road,Electronics,564.1,18.7,17.6,4.45,5.18,-0.73,324.83,1
S00210,2026-08-01,East,Road,Electronics,311.5,18.8,23.7,2.71,5.04,-2.32,212.92,1
S00211,2026-01-01,West,Air,Industrial,126.4,20.5,9.9,1.76,3.03,-1.27,194.15,1
S00212,2026-09-01,East,Air,Apparel,473.8,27.3,36.0,4.07,3.47,0.6,313.63,0
S00213,2026-07-01,South,Rail,Industrial,413.2,104.3,115.5,6.07,6.65,-0.58,670.84,1
S00214,2026-04-01,West,Road,Grocery,365.6,22.7,23.5,2.66,5.63,-2.97,278.68,1
S00215,2026-09-01,West,Road,Industrial,667.5,30.9,43.5,6.42,5.78,0.64,391.07,0
S00216,2026-08-01,West,Road,Electronics,568.5,6.7,9.8,5.07,5.75,-0.68,213.68,1
S00217,2026-06-01,North,Road,Electronics,130.0,14.7,23.2,2.58,4.54,-1.96,210.23,1
S00218,2026-03-01,North,Rail,Industrial,414.8,44.6,41.3,5.79,5.0,0.78,373.74,0
S00219,2026-01-01,Central,Rail,Industrial,157.9,26.1,22.4,3.73,5.54,-1.81,260.76,1
S00220,2026-12-01,South,Road,Apparel,291.5,5.0,7.0,3.15,4.64,-1.49,184.68,1
S00221,2026-04-01,South,Road,Apparel,148.6,31.1,37.8,6.52,4.74,1.78,320.12,0
S00222,2026-04-01,East,Road,Apparel,152.9,69.9,89.8,3.6,3.85,-0.25,473.38,1
S00223,2026-09-01,West,Air,Apparel,511.4,5.5,6.5,3.22,5.11,-1.9,218.78,1
S00224,2026-04-01,Central,Rail,Electronics,479.6,53.9,79.9,4.33,5.28,-0.95,449.34,1
S00225,2026-05-01,South,Road,Industrial,394.7,5.0,3.3,6.37,5.35,1.03,193.36,0
S00226,2026-09-01,Central,Air,Apparel,274.0,37.0,43.5,1.21,2.38,-1.17,412.68,1
S00227,2026-08-01,North,Road,Furniture,139.8,20.0,12.4,1.36,4.04,-2.68,239.2,1
S00228,2026-08-01,East,Road,Electronics,292.5,5.0,4.9,3.16,4.55,-1.38,216.88,1
S00229,2026-01-01,West,Sea,Electronics,480.9,26.8,35.7,8.09,7.07,1.02,278.21,0
S00230,2026-06-01,North,Road,Furniture,473.9,42.4,46.3,5.26,3.15,2.1,388.99,0
S00231,2026-06-01,North,Road,Apparel,894.0,25.4,23.7,5.06,6.11,-1.05,314.73,1
S00232,2026-08-01,South,Rail,Furniture,817.6,29.4,48.1,8.59,7.58,1.01,340.32,0
S00233,2026-02-01,Central,Road,Electronics,405.1,15.4,22.8,4.76,5.04,-0.28,209.82,1
S00234,2026-02-01,East,Rail,Industrial,290.4,6.0,6.8,4.47,6.16,-1.69,141.87,1
S00235,2026-10-01,Central,Road,Furniture,227.6,31.5,54.5,3.12,3.94,-0.81,295.44,1
S00236,2026-09-01,West,Road,Industrial,122.6,62.6,62.3,4.25,4.95,-0.7,437.14,1
S00237,2026-10-01,East,Road,Electronics,171.7,41.9,62.9,2.64,3.83,-1.19,333.05,1
S00238,2026-04-01,West,Road,Apparel,481.4,5.5,3.5,4.84,5.92,-1.08,216.83,1
S00239,2026-12-01,North,Road,Apparel,593.2,7.5,6.0,4.93,4.96,-0.03,119.73,1
S00240,2026-04-01,North,Road,Grocery,331.9,11.6,10.1,1.71,3.93,-2.22,196.14,1
S00241,2026-08-01,Central,Air,Apparel,1463.5,7.1,3.9,4.93,5.77,-0.84,621.3,1
S00242,2026-02-01,West,Road,Electronics,173.0,20.7,22.8,3.6,5.38,-1.78,276.71,1
S00243,2026-12-01,South,Road,Apparel,112.7,25.9,17.4,5.4,4.9,0.49,245.64,0
S00244,2026-04-01,East,Road,Apparel,1448.3,7.9,10.2,4.92,8.67,-3.75,433.0,1
S00245,2026-10-01,East,Road,Apparel,134.3,33.3,22.2,3.1,3.9,-0.8,266.51,1
S00246,2026-04-01,Central,Road,Electronics,328.8,29.7,17.0,3.01,4.84,-1.83,275.64,1
S00247,2026-10-01,East,Rail,Apparel,241.6,14.1,24.7,5.87,5.05,0.83,197.32,0
S00248,2026-06-01,South,Road,Grocery,504.4,18.0,23.7,5.15,6.01,-0.87,259.26,1
S00249,2026-01-01,South,Air,Apparel,312.1,5.7,9.7,5.31,3.88,1.44,176.44,0
S00250,2026-03-01,East,Sea,Apparel,594.4,16.2,17.6,7.28,7.48,-0.2,186.12,1
S00251,2026-09-01,West,Road,Grocery,675.9,20.2,9.0,4.86,6.2,-1.34,250.32,1
S00252,2026-03-01,Central,Road,Furniture,121.6,22.4,27.0,3.34,3.37,-0.03,231.48,1
S00253,2026-04-01,East,Road,Apparel,222.1,25.7,30.4,3.37,4.96,-1.58,248.78,1
S00254,2026-07-01,South,Rail,Grocery,626.3,23.5,9.9,7.41,7.91,-0.49,240.65,1
S00255,2026-04-01,South,Road,Industrial,759.7,16.9,27.2,4.25,6.32,-2.07,283.41,1
S00256,2026-02-01,West,Air,Grocery,447.9,24.2,30.7,2.11,2.93,-0.81,364.68,1
S00257,2026-08-01,West,Air,Industrial,528.2,38.5,55.6,3.94,4.32,-0.38,483.49,1
S00258,2026-09-01,North,Air,Furniture,928.5,18.9,20.6,5.41,4.41,1.0,431.65,0
S00259,2026-09-01,North,Road,Electronics,314.8,24.7,31.3,1.02,4.41,-3.39,216.14,1
S00260,2026-12-01,East,Sea,Apparel,444.8,17.8,13.5,7.75,7.01,0.74,229.67,0
S00261,2026-02-01,North,Road,Furniture,818.2,13.2,23.3,5.0,5.64,-0.65,245.95,1
S00262,2026-06-01,Central,Road,Industrial,849.3,28.2,27.1,2.7,5.62,-2.92,389.34,1
S00263,2026-03-01,South,Road,Apparel,375.5,14.0,8.8,1.09,5.49,-4.4,263.77,1
S00264,2026-11-01,North,Sea,Electronics,227.4,25.8,12.3,3.22,6.57,-3.35,270.52,1
S00265,2026-07-01,Central,Rail,Grocery,372.7,20.5,26.4,4.51,5.25,-0.74,249.28,1
S00266,2026-02-01,North,Air,Electronics,396.9,16.5,29.3,2.32,2.48,-0.16,319.56,1
S00267,2026-09-01,South,Road,Furniture,221.3,16.2,26.8,5.21,4.52,0.69,281.81,0
S00268,2026-01-01,North,Sea,Grocery,246.0,14.4,20.0,4.5,5.95,-1.46,88.15,1
S00269,2026-04-01,North,Road,Furniture,850.0,6.9,12.3,3.88,5.4,-1.52,247.0,1
S00270,2026-09-01,North,Road,Industrial,543.6,25.8,36.4,3.89,4.33,-0.44,340.76,1
S00271,2026-07-01,North,Sea,Grocery,329.9,23.3,20.4,5.46,6.43,-0.98,205.31,1
S00272,2026-10-01,North,Road,Grocery,181.3,34.9,43.3,3.69,4.45,-0.75,335.55,1
S00273,2026-07-01,North,Road,Furniture,248.1,14.2,7.3,2.6,4.11,-1.5,182.72,1
S00274,2026-11-01,East,Rail,Industrial,105.1,68.9,48.9,5.42,5.14,0.28,432.87,0
S00275,2026-07-01,West,Road,Industrial,455.5,15.7,15.4,3.99,5.56,-1.57,224.58,1
S00276,2026-01-01,South,Road,Electronics,238.4,11.4,7.8,3.37,5.46,-2.09,151.62,1
S00277,2026-01-01,South,Road,Grocery,478.9,10.5,18.3,4.45,6.13,-1.68,198.12,1
S00278,2026-10-01,East,Road,Electronics,622.3,6.5,11.7,6.27,4.33,1.95,229.55,0
S00279,2026-01-01,Central,Air,Industrial,483.3,54.4,50.0,2.28,3.02,-0.75,481.76,1
S00280,2026-05-01,Central,Rail,Furniture,302.7,49.0,68.2,3.47,5.3,-1.83,408.67,1
S00281,2026-01-01,North,Road,Apparel,213.1,29.7,28.8,4.65,3.99,0.66,286.39,0
S00282,2026-04-01,South,Road,Electronics,161.6,11.2,6.7,6.93,4.97,1.96,193.05,0
S00283,2026-08-01,South,Road,Apparel,800.7,65.2,56.8,6.29,7.1,-0.81,510.6,1
S00284,2026-03-01,South,Rail,Furniture,470.0,16.0,11.6,7.45,6.65,0.8,143.6,0
S00285,2026-06-01,East,Sea,Electronics,314.7,16.9,14.5,6.97,7.13,-0.16,182.09,1
S00286,2026-12-01,South,Sea,Electronics,572.2,51.1,35.8,6.23,8.25,-2.02,474.73,1
S00287,2026-01-01,North,Road,Industrial,724.1,30.8,17.2,4.94,5.55,-0.61,396.25,1
S00288,2026-01-01,South,Road,Furniture,242.0,84.0,59.2,2.87,5.07,-2.2,516.48,1
S00289,2026-04-01,East,Road,Electronics,461.0,23.6,39.4,4.22,3.76,0.47,303.62,0
S00290,2026-10-01,North,Rail,Apparel,467.0,15.5,8.1,4.21,5.53,-1.32,223.45,1
S00291,2026-05-01,Central,Road,Industrial,904.7,13.5,11.5,4.71,5.24,-0.53,254.33,1
S00292,2026-08-01,North,Rail,Furniture,311.7,6.0,6.9,3.63,5.38,-1.75,185.1,1
S00293,2026-01-01,Central,Rail,Grocery,207.4,16.8,15.0,3.72,4.85,-1.14,173.97,1
S00294,2026-09-01,North,Road,Apparel,493.9,42.3,47.5,4.94,5.32,-0.38,381.57,1
S00295,2026-01-01,Central,Road,Apparel,601.8,29.6,13.7,4.22,5.77,-1.55,322.8,1
S00296,2026-09-01,Central,Road,Electronics,437.1,20.4,26.6,1.58,4.6,-3.02,300.28,1
S00297,2026-02-01,Central,Road,Furniture,941.9,10.5,12.5,4.38,7.16,-2.77,269.83,1
S00298,2026-11-01,West,Road,Electronics,311.0,23.3,31.5,2.46,5.18,-2.72,194.61,1
S00299,2026-04-01,West,Rail,Electronics,444.1,38.8,46.3,5.84,5.58,0.26,340.19,0
S00300,2026-03-01,West,Road,Furniture,129.7,26.6,26.9,4.49,4.28,0.21,161.59,0
S00301,2026-05-01,West,Road,Industrial,199.0,22.4,19.9,4.37,4.57,-0.19,210.95,1
S00302,2026-01-01,North,Rail,Furniture,243.1,12.0,8.6,3.39,5.37,-1.98,198.94,1
S00303,2026-02-01,East,Air,Grocery,346.9,35.3,38.8,2.87,2.79,0.08,390.61,0
S00304,2026-08-01,East,Road,Grocery,147.2,5.0,2.2,3.02,4.16,-1.14,157.12,1
S00305,2026-04-01,Central,Air,Apparel,567.2,25.8,22.1,1.25,3.3,-2.04,408.02,1
S00306,2026-05-01,East,Sea,Apparel,227.8,106.8,144.0,6.36,5.91,0.45,761.32,0
S00307,2026-10-01,South,Rail,Grocery,1310.8,7.5,4.2,9.26,9.35,-0.08,232.73,1
S00308,2026-02-01,West,Rail,Apparel,233.7,17.2,8.4,6.14,5.97,0.17,193.56,0
S00309,2026-05-01,South,Road,Grocery,414.9,20.0,26.2,4.19,6.24,-2.04,238.95,1
S00310,2026-03-01,North,Sea,Industrial,381.8,14.9,14.2,7.03,6.09,0.94,211.99,0
S00311,2026-06-01,East,Road,Industrial,186.5,39.4,60.0,3.1,5.02,-1.92,323.68,1
S00312,2026-04-01,South,Sea,Electronics,347.8,27.3,46.8,7.18,6.38,0.8,316.27,0
S00313,2026-01-01,South,Rail,Apparel,345.0,22.2,38.6,4.92,5.56,-0.64,218.65,1
S00314,2026-01-01,South,Road,Electronics,676.3,33.7,33.6,5.4,5.77,-0.37,417.93,1
S00315,2026-11-01,South,Road,Apparel,505.6,20.3,15.6,2.18,5.91,-3.73,284.87,1
S00316,2026-01-01,South,Rail,Apparel,562.1,158.7,198.7,5.78,7.46,-1.68,994.68,1
S00317,2026-10-01,South,Rail,Electronics,667.3,22.2,28.4,6.57,6.85,-0.29,284.45,1
S00318,2026-11-01,West,Road,Furniture,567.7,22.8,29.0,4.56,5.54,-0.97,305.69,1
S00319,2026-06-01,South,Air,Grocery,458.6,6.6,5.6,5.67,4.07,1.6,264.98,0
S00320,2026-04-01,Central,Air,Industrial,241.5,14.1,6.9,0.7,2.76,-2.06,209.67,1
S00321,2026-10-01,Central,Road,Electronics,440.1,42.3,29.4,3.22,4.38,-1.17,337.24,1
S00322,2026-12-01,East,Road,Electronics,209.9,8.4,5.2,2.65,4.22,-1.56,137.89,1
S00323,2026-02-01,South,Road,Apparel,365.6,5.0,2.9,4.11,4.84,-0.73,101.55,1
S00324,2026-12-01,East,Air,Electronics,334.7,20.5,34.8,3.82,2.94,0.88,326.31,0
S00325,2026-12-01,Central,Road,Apparel,349.1,49.0,20.5,5.52,4.96,0.56,325.31,0
S00326,2026-02-01,West,Air,Industrial,148.4,20.6,25.7,1.44,3.06,-1.62,222.62,1
S00327,2026-01-01,West,Road,Electronics,30.0,16.1,27.9,2.68,3.91,-1.23,191.63,1
S00328,2026-09-01,East,Rail,Electronics,294.3,6.0,5.4,3.37,6.14,-2.76,163.3,1
S00329,2026-01-01,West,Road,Grocery,763.3,26.9,30.7,7.25,6.03,1.23,289.55,0
S00330,2026-08-01,South,Road,Grocery,411.0,30.9,42.4,6.34,6.35,-0.01,311.5,1
S00331,2026-01-01,West,Air,Grocery,730.0,6.3,5.3,3.8,5.33,-1.53,354.98,1
S00332,2026-09-01,South,Road,Apparel,210.9,42.0,44.9,2.64,5.11,-2.47,332.4,1
S00333,2026-03-01,West,Road,Industrial,284.4,33.0,51.0,2.66,4.24,-1.58,355.16,1
S00334,2026-02-01,Central,Sea,Electronics,1357.6,41.9,60.5,8.28,9.92,-1.63,385.28,1
S00335,2026-01-01,North,Sea,Apparel,220.3,29.3,45.0,5.8,6.01,-0.21,181.92,1
S00336,2026-03-01,West,Air,Furniture,555.3,30.7,54.8,0.86,3.98,-3.12,457.57,1
S00337,2026-07-01,North,Road,Industrial,554.7,28.2,25.9,4.04,5.62,-1.58,297.26,1
S00338,2026-01-01,West,Rail,Apparel,517.4,35.3,51.1,7.76,6.79,0.97,263.45,0
S00339,2026-10-01,North,Air,Grocery,559.6,6.2,7.7,2.58,4.21,-1.63,279.24,1
S00340,2026-08-01,Central,Road,Electronics,218.0,7.6,10.1,5.17,3.67,1.49,193.95,0
S00341,2026-04-01,North,Road,Electronics,304.0,12.4,17.9,4.56,4.6,-0.05,149.94,1
S00342,2026-12-01,Central,Air,Electronics,36.1,18.5,26.8,0.7,1.5,-0.8,266.59,1
S00343,2026-08-01,West,Road,Furniture,922.9,25.8,42.4,5.7,7.1,-1.4,354.92,1
S00344,2026-09-01,East,Rail,Apparel,557.6,24.8,22.1,5.39,6.24,-0.85,263.43,1
S00345,2026-03-01,West,Sea,Furniture,243.3,41.5,54.6,4.59,6.62,-2.03,274.81,1
S00346,2026-09-01,West,Rail,Electronics,212.6,42.4,33.6,3.68,5.52,-1.84,311.04,1
S00347,2026-07-01,Central,Road,Industrial,771.3,11.4,14.0,6.73,5.42,1.31,265.94,0
S00348,2026-12-01,South,Road,Industrial,231.2,23.5,34.0,3.22,4.71,-1.49,190.56,1
S00349,2026-06-01,East,Road,Electronics,242.7,11.6,17.4,5.22,4.97,0.25,277.77,0
S00350,2026-09-01,North,Road,Electronics,180.5,17.8,17.6,2.86,4.85,-1.99,178.3,1
S00351,2026-05-01,West,Air,Electronics,623.2,24.8,27.5,3.6,4.05,-0.45,386.69,1
S00352,2026-01-01,North,Air,Industrial,723.5,5.0,4.3,4.01,4.29,-0.27,364.08,1
S00353,2026-02-01,East,Road,Apparel,336.0,96.3,61.3,3.39,5.05,-1.66,673.24,1
S00354,2026-11-01,East,Road,Grocery,726.3,29.0,22.2,5.93,5.92,0.01,387.43,0
S00355,2026-09-01,East,Air,Apparel,490.2,13.6,22.9,0.7,2.9,-2.2,265.3,1
S00356,2026-05-01,East,Road,Furniture,172.3,70.3,58.5,4.23,3.73,0.5,468.75,0
S00357,2026-09-01,West,Road,Grocery,883.1,16.0,28.3,2.87,6.26,-3.4,256.44,1
S00358,2026-01-01,West,Road,Grocery,179.1,21.9,16.2,3.71,3.63,0.09,244.43,0
S00359,2026-01-01,East,Rail,Industrial,352.6,14.6,20.7,6.05,6.38,-0.34,133.47,1
S00360,2026-07-01,East,Road,Electronics,336.7,58.8,70.7,4.91,5.02,-0.11,420.06,1
S00361,2026-08-01,Central,Rail,Industrial,297.6,18.8,25.8,2.7,5.01,-2.31,206.88,1
S00362,2026-12-01,North,Road,Electronics,77.3,22.1,28.8,1.65,2.72,-1.07,220.71,1
S00363,2026-10-01,North,Rail,Grocery,1193.0,43.9,61.0,6.15,6.8,-0.65,437.44,1
S00364,2026-04-01,North,Road,Industrial,87.4,29.4,49.0,3.38,3.84,-0.47,307.87,1
S00365,2026-10-01,West,Road,Furniture,916.3,19.4,23.1,3.51,7.73,-4.23,364.77,1
S00366,2026-06-01,South,Road,Furniture,207.3,41.3,20.5,4.36,4.73,-0.37,331.24,1
S00367,2026-10-01,West,Road,Apparel,259.7,104.6,81.5,4.61,5.35,-0.74,605.47,1
S00368,2026-03-01,West,Road,Apparel,862.9,24.7,34.4,5.54,6.36,-0.81,421.65,1
S00369,2026-01-01,South,Road,Apparel,523.7,21.7,23.7,5.91,5.98,-0.07,251.42,1
S00370,2026-01-01,Central,Road,Grocery,133.4,22.4,26.2,3.35,4.38,-1.03,275.46,1
S00371,2026-12-01,West,Road,Grocery,131.1,47.1,58.1,3.19,4.39,-1.2,419.83,1
S00372,2026-01-01,South,Sea,Apparel,476.3,13.6,12.7,4.3,7.08,-2.78,197.3,1
S00373,2026-12-01,South,Road,Apparel,176.7,16.8,24.9,4.46,5.7,-1.24,232.0,1
S00374,2026-09-01,South,Air,Apparel,539.2,7.4,10.4,2.51,4.42,-1.91,177.92,1
S00375,2026-02-01,North,Sea,Apparel,574.0,9.3,13.0,5.37,7.34,-1.97,161.31,1
S00376,2026-11-01,North,Road,Electronics,223.8,14.3,20.1,4.12,3.88,0.24,228.5,0
S00377,2026-02-01,Central,Rail,Industrial,269.7,19.4,31.9,6.02,5.65,0.37,243.53,0
S00378,2026-02-01,East,Air,Grocery,486.2,63.4,78.2,2.9,3.79,-0.88,528.93,1
S00379,2026-07-01,South,Rail,Electronics,216.7,28.5,49.9,5.89,6.12,-0.22,249.39,1
S00380,2026-04-01,West,Road,Furniture,411.4,11.1,6.3,2.84,5.41,-2.57,109.95,1
S00381,2026-04-01,East,Road,Industrial,1406.4,12.5,16.1,7.41,7.55,-0.14,405.97,1
S00382,2026-03-01,Central,Road,Apparel,501.0,49.1,68.9,4.02,4.79,-0.77,366.82,1
S00383,2026-08-01,West,Road,Electronics,300.5,41.8,44.6,5.87,4.81,1.06,385.11,0
S00384,2026-01-01,East,Sea,Electronics,1265.5,20.5,16.4,7.64,9.5,-1.86,318.28,1
S00385,2026-03-01,South,Sea,Electronics,650.8,15.1,17.6,6.91,7.81,-0.9,187.13,1
S00386,2026-07-01,Central,Road,Furniture,180.0,41.7,38.0,4.52,3.15,1.37,336.93,0
S00387,2026-06-01,West,Rail,Industrial,206.5,10.5,17.6,4.76,4.73,0.02,146.05,0
S00388,2026-09-01,Central,Road,Electronics,96.9,25.9,23.3,1.58,2.81,-1.22,230.02,1
S00389,2026-03-01,North,Sea,Furniture,480.6,88.0,56.8,9.02,6.84,2.18,507.36,0
S00390,2026-08-01,Central,Road,Electronics,64.7,23.0,27.7,1.53,3.0,-1.47,227.51,1
S00391,2026-10-01,West,Sea,Grocery,1264.6,12.1,11.6,8.53,9.46,-0.93,178.27,1
S00392,2026-05-01,North,Air,Furniture,325.7,26.2,14.0,2.64,2.97,-0.33,240.01,1
S00393,2026-04-01,East,Road,Apparel,675.6,14.8,17.6,5.41,5.74,-0.33,267.16,1
S00394,2026-07-01,West,Road,Electronics,305.9,8.1,9.4,4.11,5.27,-1.16,161.2,1
S00395,2026-07-01,North,Air,Grocery,475.2,31.7,20.4,2.39,3.4,-1.01,391.32,1
S00396,2026-02-01,East,Road,Industrial,355.8,41.5,51.4,3.89,3.53,0.36,336.75,0
S00397,2026-07-01,Central,Road,Apparel,403.7,16.4,19.6,2.43,4.36,-1.93,297.21,1
S00398,2026-02-01,South,Sea,Electronics,806.3,15.7,23.3,10.33,8.55,1.78,229.14,0
S00399,2026-07-01,East,Rail,Electronics,1045.8,10.8,9.7,6.63,8.43,-1.8,250.55,1
S00400,2026-12-01,East,Road,Grocery,997.4,18.2,13.6,6.72,7.51,-0.8,348.66,1
S00401,2026-07-01,South,Road,Grocery,1800.0,13.9,24.1,8.38,8.82,-0.44,509.91,1
S00402,2026-10-01,Central,Road,Furniture,234.4,10.4,12.3,2.91,3.88,-0.97,188.46,1
S00403,2026-04-01,West,Sea,Furniture,505.0,68.7,30.1,5.93,6.42,-0.49,458.15,1
S00404,2026-12-01,North,Road,Industrial,238.4,27.2,42.1,1.62,5.02,-3.4,292.66,1
S00405,2026-10-01,Central,Road,Furniture,786.2,29.1,19.7,4.68,6.09,-1.41,293.54,1
S00406,2026-12-01,Central,Road,Apparel,186.8,35.7,53.5,2.71,4.09,-1.38,241.72,1
S00407,2026-09-01,South,Sea,Grocery,814.8,33.2,46.0,9.13,8.45,0.68,317.03,0
S00408,2026-08-01,Central,Road,Apparel,446.7,15.4,27.0,2.44,5.33,-2.89,232.81,1
S00409,2026-07-01,North,Air,Apparel,369.5,24.0,42.0,1.6,3.63,-2.03,349.42,1
S00410,2026-12-01,Central,Rail,Industrial,398.3,16.9,13.2,3.48,5.89,-2.4,200.95,1
S00411,2026-11-01,West,Air,Furniture,162.0,26.7,39.3,4.15,3.28,0.87,292.54,0
S00412,2026-06-01,West,Sea,Industrial,172.9,25.1,21.2,4.49,6.11,-1.61,169.14,1
S00413,2026-02-01,North,Air,Apparel,451.9,15.7,20.1,3.26,3.64,-0.38,301.56,1
S00414,2026-01-01,Central,Sea,Grocery,449.9,8.5,10.5,6.76,6.66,0.1,105.45,0
S00415,2026-03-01,North,Road,Grocery,246.3,22.1,10.5,3.4,4.19,-0.79,235.16,1
S00416,2026-01-01,South,Air,Electronics,323.3,17.6,7.2,1.38,3.62,-2.25,193.52,1
S00417,2026-03-01,North,Road,Apparel,532.3,5.9,2.8,2.67,5.65,-2.97,206.57,1
S00418,2026-02-01,West,Road,Grocery,215.8,27.9,16.2,5.17,5.63,-0.46,195.28,1
S00419,2026-12-01,South,Air,Electronics,87.0,37.6,28.6,0.87,2.77,-1.9,275.52,1
S00420,2026-02-01,Central,Sea,Industrial,943.0,103.9,173.5,7.41,7.49,-0.08,775.37,1
S00421,2026-08-01,West,Rail,Electronics,472.5,15.6,17.5,5.76,6.49,-0.73,213.94,1
S00422,2026-05-01,North,Road,Electronics,278.9,14.2,21.4,4.15,4.62,-0.47,142.38,1
S00423,2026-03-01,North,Road,Furniture,237.8,9.8,15.4,4.15,4.0,0.15,144.75,0
S00424,2026-09-01,North,Road,Electronics,214.2,23.0,32.9,2.33,5.14,-2.81,184.18,1
S00425,2026-12-01,East,Road,Industrial,784.3,22.9,21.7,4.16,6.29,-2.13,271.23,1
S00426,2026-10-01,West,Road,Furniture,140.8,11.9,19.1,4.78,4.86,-0.07,167.12,1
S00427,2026-12-01,South,Road,Electronics,504.2,17.9,25.8,4.41,6.78,-2.37,280.38,1
S00428,2026-08-01,Central,Road,Furniture,503.9,5.6,8.0,0.7,4.58,-3.88,207.1,1
S00429,2026-09-01,North,Air,Grocery,630.3,36.7,61.0,3.86,3.71,0.16,506.07,0
S00430,2026-02-01,West,Road,Furniture,298.1,12.2,15.1,3.03,4.4,-1.37,189.32,1
S00431,2026-11-01,Central,Sea,Industrial,894.9,19.6,22.4,7.37,7.4,-0.03,238.08,1
S00432,2026-09-01,West,Rail,Furniture,641.9,7.9,13.1,7.82,6.04,1.79,149.64,0
S00433,2026-04-01,West,Road,Grocery,291.1,13.8,14.3,4.33,5.38,-1.05,179.58,1
S00434,2026-05-01,Central,Road,Apparel,229.7,16.7,25.7,4.58,4.25,0.33,159.77,0
S00435,2026-08-01,North,Road,Furniture,356.5,19.9,9.5,4.08,4.45,-0.37,201.42,1
S00436,2026-01-01,South,Sea,Industrial,284.3,27.4,11.0,8.17,6.84,1.33,227.86,0
S00437,2026-10-01,North,Road,Grocery,202.7,51.2,58.3,2.14,4.54,-2.41,376.42,1
S00438,2026-04-01,East,Road,Furniture,410.1,32.3,16.3,4.33,4.47,-0.14,408.82,1
S00439,2026-01-01,West,Sea,Apparel,324.8,37.5,66.3,6.84,6.8,0.04,267.89,0
S00440,2026-04-01,West,Sea,Furniture,1024.7,51.4,21.0,7.71,9.0,-1.29,395.72,1
S00441,2026-11-01,Central,Road,Industrial,283.9,29.1,40.9,4.93,3.3,1.63,232.83,0
S00442,2026-04-01,North,Road,Electronics,228.2,19.6,14.5,2.99,4.58,-1.58,196.65,1
S00443,2026-07-01,West,Road,Electronics,392.7,38.7,67.9,7.18,4.45,2.72,353.64,0
S00444,2026-10-01,South,Road,Grocery,462.9,40.3,37.7,7.74,5.73,2.01,392.71,0
S00445,2026-01-01,South,Road,Grocery,486.0,30.6,13.4,5.5,5.27,0.23,289.59,0
S00446,2026-10-01,West,Rail,Grocery,483.0,7.8,3.4,6.33,7.06,-0.72,154.88,1
S00447,2026-04-01,Central,Sea,Electronics,401.6,11.6,13.7,6.91,5.54,1.37,150.02,0
S00448,2026-09-01,West,Road,Apparel,382.5,16.8,29.9,3.08,4.44,-1.36,187.85,1
S00449,2026-03-01,North,Rail,Grocery,576.0,33.3,59.1,3.66,6.07,-2.41,305.79,1
S00450,2026-02-01,West,Road,Grocery,188.9,19.8,17.3,5.6,4.52,1.08,192.74,0
S00451,2026-10-01,North,Air,Furniture,229.4,42.1,45.2,2.28,1.88,0.39,370.09,0
S00452,2026-10-01,Central,Rail,Furniture,112.8,47.2,25.5,3.53,4.78,-1.25,333.81,1
S00453,2026-12-01,West,Air,Furniture,191.3,43.8,49.5,2.45,2.14,0.31,357.99,0
S00454,2026-09-01,North,Sea,Furniture,737.6,44.0,54.5,3.57,6.73,-3.16,359.68,1
S00455,2026-06-01,North,Road,Grocery,560.8,10.2,7.7,4.22,4.87,-0.65,162.55,1
S00456,2026-03-01,South,Road,Grocery,1107.2,27.5,34.6,5.93,7.98,-2.04,437.79,1
S00457,2026-04-01,Central,Road,Grocery,951.4,13.5,22.5,6.49,6.69,-0.2,294.63,1
S00458,2026-08-01,East,Road,Electronics,563.8,6.9,2.8,6.01,6.02,-0.01,230.65,1
S00459,2026-05-01,West,Sea,Apparel,431.6,16.7,12.0,7.02,6.92,0.1,235.02,0
S00460,2026-06-01,West,Road,Grocery,397.7,47.5,33.0,5.1,4.09,1.01,373.57,0
S00461,2026-03-01,East,Air,Industrial,60.8,27.1,15.5,0.7,2.66,-1.96,187.5,1
S00462,2026-06-01,North,Road,Furniture,368.9,74.6,47.2,4.66,5.36,-0.7,506.7,1
S00463,2026-03-01,Central,Road,Electronics,259.6,22.5,28.8,4.21,4.74,-0.53,251.92,1
S00464,2026-02-01,South,Road,Grocery,197.9,98.6,53.6,5.91,5.28,0.63,578.49,0
S00465,2026-02-01,East,Rail,Apparel,508.1,22.5,32.3,8.06,5.52,2.54,232.65,0
S00466,2026-07-01,West,Rail,Furniture,339.5,20.4,33.5,3.13,5.68,-2.55,244.42,1
S00467,2026-05-01,West,Road,Industrial,414.0,8.7,14.8,4.16,6.32,-2.15,212.42,1
S00468,2026-02-01,Central,Road,Grocery,176.2,41.3,54.7,2.26,3.18,-0.92,316.7,1
S00469,2026-07-01,North,Rail,Grocery,659.1,14.5,9.8,5.75,5.66,0.09,158.23,0
S00470,2026-02-01,East,Road,Apparel,283.0,13.2,6.9,4.0,5.16,-1.15,201.4,1
S00471,2026-01-01,South,Sea,Apparel,491.0,46.2,33.5,6.47,7.25,-0.78,315.89,1
S00472,2026-02-01,East,Road,Industrial,300.0,42.6,74.5,5.32,4.14,1.18,379.26,0
S00473,2026-06-01,North,Road,Furniture,50.2,41.9,73.3,1.66,4.5,-2.84,327.92,1
S00474,2026-12-01,North,Road,Grocery,521.2,15.9,14.8,3.05,5.28,-2.23,180.26,1
S00475,2026-03-01,South,Road,Apparel,354.8,19.4,16.6,3.51,5.29,-1.79,236.61,1
S00476,2026-04-01,South,Road,Electronics,106.1,19.3,21.5,3.64,4.22,-0.58,210.18,1
S00477,2026-03-01,East,Road,Electronics,159.8,33.4,27.0,2.11,5.37,-3.26,291.62,1
S00478,2026-05-01,West,Sea,Electronics,671.1,55.1,97.7,6.9,7.65,-0.75,449.84,1
S00479,2026-09-01,West,Road,Apparel,110.7,25.5,18.1,3.6,5.21,-1.61,149.13,1
S00480,2026-04-01,South,Road,Industrial,277.7,72.5,66.5,3.59,5.72,-2.13,540.83,1
S00481,2026-08-01,South,Road,Grocery,1165.5,36.0,36.0,8.13,7.48,0.65,483.14,0
S00482,2026-11-01,South,Road,Apparel,529.8,17.2,9.9,5.2,5.72,-0.52,208.28,1
S00483,2026-12-01,East,Rail,Electronics,614.4,34.4,32.2,7.03,7.13,-0.09,290.05,1
S00484,2026-07-01,South,Road,Apparel,319.6,60.9,97.4,4.44,6.12,-1.68,482.6,1
S00485,2026-09-01,North,Rail,Furniture,98.0,73.6,43.9,3.94,3.73,0.21,468.95,0
S00486,2026-12-01,South,Road,Apparel,440.3,43.4,52.9,4.32,6.0,-1.68,367.36,1
S00487,2026-10-01,East,Sea,Furniture,168.8,20.4,19.8,5.26,5.91,-0.65,219.32,1
S00488,2026-04-01,South,Road,Furniture,156.0,17.4,11.1,5.12,4.42,0.71,122.21,0
S00489,2026-02-01,East,Air,Electronics,407.7,29.2,12.2,2.22,3.56,-1.35,306.2,1
S00490,2026-02-01,East,Road,Grocery,178.3,59.6,46.7,4.34,3.72,0.62,333.16,0
S00491,2026-11-01,West,Road,Industrial,377.3,26.6,13.0,3.53,5.01,-1.48,236.05,1
S00492,2026-07-01,West,Air,Apparel,235.1,27.0,25.0,3.5,2.85,0.65,339.18,0
S00493,2026-04-01,West,Rail,Electronics,368.6,20.8,31.9,4.6,5.77,-1.17,300.51,1
S00494,2026-05-01,South,Air,Industrial,265.1,16.2,22.8,4.0,3.6,0.4,254.27,0
S00495,2026-04-01,West,Road,Industrial,375.5,18.1,31.2,4.62,4.74,-0.12,219.99,1
S00496,2026-10-01,East,Rail,Grocery,904.0,21.9,21.9,8.41,8.0,0.41,278.25,0
S00497,2026-08-01,East,Air,Grocery,623.1,61.4,85.3,1.89,4.28,-2.39,628.58,1
S00498,2026-11-01,West,Rail,Electronics,347.9,17.2,22.9,3.42,6.86,-3.44,148.63,1
S00499,2026-04-01,South,Road,Furniture,817.7,20.8,14.6,5.3,6.69,-1.39,301.65,1
S00500,2026-06-01,East,Rail,Grocery,495.6,11.4,9.4,3.65,5.8,-2.16,234.11,1
S00501,2026-02-01,West,Rail,Electronics,783.6,32.0,36.5,4.75,8.06,-3.31,292.27,1
S00502,2026-12-01,Central,Sea,Furniture,121.6,48.8,74.0,5.41,5.05,0.37,328.86,0
S00503,2026-07-01,Central,Road,Industrial,179.9,57.7,60.4,3.19,3.81,-0.62,407.99,1
S00504,2026-07-01,East,Road,Industrial,437.0,22.9,16.5,3.81,5.47,-1.66,274.08,1
S00505,2026-05-01,East,Air,Apparel,342.1,29.2,52.2,2.07,2.63,-0.56,329.44,1
S00506,2026-04-01,West,Road,Electronics,376.1,18.2,10.2,3.8,5.6,-1.8,229.85,1
S00507,2026-12-01,South,Air,Industrial,547.6,28.3,49.2,5.78,4.71,1.07,432.99,0
S00508,2026-06-01,Central,Road,Industrial,439.9,24.6,37.8,3.0,5.26,-2.25,356.99,1
S00509,2026-09-01,East,Road,Grocery,660.5,20.9,32.8,3.38,6.18,-2.8,302.99,1
S00510,2026-01-01,North,Air,Furniture,649.4,22.0,33.2,4.1,4.45,-0.35,402.73,1
S00511,2026-04-01,North,Road,Grocery,186.5,26.9,18.6,3.15,4.06,-0.91,292.26,1
S00512,2026-10-01,Central,Road,Apparel,52.1,16.6,21.3,5.39,3.11,2.28,150.81,0
S00513,2026-02-01,North,Rail,Electronics,177.3,17.2,25.0,3.53,5.95,-2.41,139.42,1
S00514,2026-02-01,South,Air,Electronics,168.5,60.9,88.0,3.73,2.6,1.12,473.53,0
S00515,2026-10-01,South,Air,Apparel,395.1,117.0,91.3,4.65,3.28,1.37,830.46,0
S00516,2026-04-01,North,Road,Industrial,391.8,9.2,6.0,3.34,4.97,-1.63,198.97,1
S00517,2026-04-01,South,Road,Electronics,328.2,8.9,7.6,3.78,6.22,-2.44,171.25,1
S00518,2026-07-01,West,Sea,Apparel,507.8,10.8,11.6,7.44,7.31,0.13,117.62,0
S00519,2026-03-01,North,Road,Grocery,1478.2,18.8,22.6,7.72,8.21,-0.48,435.5,1
S00520,2026-01-01,Central,Road,Electronics,323.3,36.0,56.5,1.83,3.3,-1.47,375.53,1
S00521,2026-01-01,Central,Road,Electronics,448.9,29.5,43.6,2.54,4.4,-1.86,273.02,1
S00522,2026-01-01,South,Road,Grocery,376.0,22.5,30.2,1.67,4.61,-2.93,252.88,1
S00523,2026-02-01,North,Air,Apparel,248.3,28.3,21.8,2.73,3.08,-0.35,280.69,1
S00524,2026-09-01,East,Air,Grocery,550.8,12.8,13.7,2.8,3.06,-0.25,291.96,1
S00525,2026-04-01,North,Rail,Industrial,312.4,17.1,14.9,4.36,4.63,-0.26,201.84,1
S00526,2026-01-01,South,Road,Electronics,211.1,19.8,14.5,2.27,5.34,-3.07,223.57,1
S00527,2026-01-01,Central,Road,Industrial,223.1,7.2,3.0,1.95,4.55,-2.6,159.81,1
S00528,2026-06-01,Central,Road,Industrial,675.3,9.4,8.3,3.98,5.2,-1.22,206.05,1
S00529,2026-11-01,West,Road,Industrial,542.2,9.7,7.3,4.17,5.99,-1.83,159.1,1
S00530,2026-05-01,South,Road,Grocery,268.5,33.0,39.6,4.69,5.51,-0.82,305.76,1
S00531,2026-01-01,West,Road,Grocery,502.5,23.6,11.5,5.63,5.49,0.14,257.37,0
S00532,2026-03-01,West,Road,Grocery,379.0,29.9,23.3,7.39,4.71,2.68,354.47,0
S00533,2026-06-01,South,Rail,Furniture,454.0,6.1,2.8,5.84,6.84,-1.01,216.07,1
S00534,2026-03-01,West,Rail,Electronics,243.6,7.7,9.9,6.37,5.98,0.39,208.78,0
S00535,2026-12-01,North,Road,Industrial,172.6,30.9,37.0,2.34,4.53,-2.18,234.98,1
S00536,2026-10-01,South,Road,Grocery,311.2,5.0,4.4,2.57,5.52,-2.95,171.71,1
S00537,2026-05-01,East,Air,Furniture,196.3,44.5,27.0,1.7,2.26,-0.56,384.67,1
S00538,2026-12-01,North,Air,Apparel,185.3,6.1,10.7,0.7,2.86,-2.16,192.24,1
S00539,2026-04-01,North,Air,Electronics,127.6,34.7,42.3,1.67,2.35,-0.68,287.06,1
S00540,2026-02-01,Central,Road,Grocery,52.5,11.3,15.2,1.87,3.3,-1.43,186.37,1
S00541,2026-12-01,Central,Air,Grocery,271.9,39.7,45.4,0.7,2.41,-1.71,370.92,1
S00542,2026-12-01,East,Road,Apparel,754.1,161.6,247.2,7.46,5.65,1.82,1122.93,0
S00543,2026-04-01,Central,Road,Apparel,641.6,5.0,8.3,3.81,5.63,-1.82,160.36,1
S00544,2026-08-01,Central,Road,Apparel,986.8,31.6,29.5,3.39,5.43,-2.04,434.39,1
S00545,2026-03-01,North,Road,Grocery,179.2,6.2,8.5,4.52,3.6,0.92,127.41,0
S00546,2026-08-01,East,Road,Apparel,573.4,26.5,19.1,3.88,5.33,-1.45,323.12,1
S00547,2026-09-01,South,Road,Industrial,346.8,17.6,23.0,6.13,6.27,-0.14,236.96,1
S00548,2026-09-01,North,Air,Electronics,223.4,21.9,21.0,1.0,3.15,-2.14,262.76,1
S00549,2026-07-01,West,Road,Apparel,701.6,11.1,4.5,4.77,5.33,-0.56,248.06,1
S00550,2026-09-01,East,Road,Apparel,349.2,33.4,58.0,4.6,5.55,-0.94,353.99,1
S00551,2026-07-01,East,Road,Grocery,86.9,7.8,12.7,4.18,4.82,-0.63,123.43,1
S00552,2026-10-01,North,Road,Grocery,637.3,45.0,36.3,5.63,4.78,0.85,363.61,0
S00553,2026-03-01,South,Road,Furniture,480.6,15.4,27.7,5.02,4.57,0.45,266.44,0
S00554,2026-06-01,Central,Road,Industrial,410.2,8.1,6.8,4.5,4.5,-0.0,156.95,1
S00555,2026-05-01,North,Road,Apparel,152.4,56.6,59.0,4.26,4.58,-0.33,350.24,1
S00556,2026-07-01,South,Air,Furniture,442.2,19.2,30.6,3.68,4.92,-1.24,286.95,1
S00557,2026-02-01,South,Sea,Electronics,905.5,69.4,57.4,7.74,8.18,-0.44,508.61,1
S00558,2026-04-01,East,Road,Apparel,472.0,44.4,45.8,2.7,6.09,-3.38,385.86,1
S00559,2026-12-01,East,Rail,Grocery,112.4,12.0,15.9,5.06,3.9,1.16,73.64,0
S00560,2026-02-01,East,Air,Electronics,495.3,19.0,11.1,3.03,3.49,-0.46,310.89,1
S00561,2026-08-01,North,Sea,Grocery,475.2,21.7,21.5,5.3,6.31,-1.01,263.35,1
S00562,2026-08-01,South,Rail,Furniture,603.1,54.2,45.1,7.87,7.55,0.32,399.11,0
S00563,2026-06-01,Central,Air,Furniture,466.7,26.7,36.0,0.7,3.75,-3.05,362.51,1
S00564,2026-01-01,West,Sea,Grocery,185.8,22.5,13.3,7.67,6.79,0.88,232.89,0
S00565,2026-01-01,West,Air,Grocery,395.6,17.6,12.8,2.97,3.02,-0.05,315.01,1
S00566,2026-04-01,West,Road,Apparel,314.9,19.4,27.1,4.77,5.51,-0.73,270.26,1
S00567,2026-02-01,West,Road,Electronics,427.3,46.9,29.0,4.19,5.64,-1.45,282.69,1
S00568,2026-02-01,North,Road,Electronics,717.5,20.1,19.9,2.81,4.76,-1.95,365.38,1
S00569,2026-02-01,South,Road,Furniture,234.6,15.5,21.7,4.28,4.12,0.16,220.7,0
S00570,2026-03-01,East,Road,Industrial,1077.8,13.9,20.5,6.61,7.41,-0.8,428.14,1
S00571,2026-11-01,South,Road,Electronics,493.3,14.0,7.5,6.02,5.78,0.24,200.07,0
S00572,2026-08-01,Central,Rail,Grocery,639.5,8.1,12.9,5.03,5.33,-0.3,125.63,1
S00573,2026-01-01,East,Rail,Furniture,586.8,12.3,17.4,2.89,6.23,-3.34,204.31,1
S00574,2026-08-01,West,Air,Industrial,480.6,53.2,46.5,1.31,4.12,-2.81,490.37,1
S00575,2026-02-01,Central,Road,Grocery,538.4,17.6,25.8,6.76,4.85,1.91,288.18,0
S00576,2026-06-01,East,Road,Grocery,30.0,31.7,45.1,1.92,3.21,-1.29,289.7,1
S00577,2026-01-01,Central,Air,Furniture,586.1,5.0,6.2,4.51,4.37,0.14,283.99,0
S00578,2026-02-01,East,Air,Industrial,197.1,29.1,34.3,0.98,3.35,-2.37,281.98,1
S00579,2026-02-01,Central,Sea,Electronics,363.4,18.1,25.8,5.08,5.84,-0.76,218.5,1
S00580,2026-06-01,South,Air,Industrial,478.5,14.7,26.4,4.31,4.08,0.23,301.96,0
S00581,2026-06-01,East,Air,Electronics,737.4,22.6,27.3,2.62,4.53,-1.9,419.17,1
S00582,2026-05-01,East,Road,Industrial,197.2,14.6,22.3,5.74,3.88,1.86,224.0,0
S00583,2026-08-01,North,Road,Electronics,276.8,5.1,7.3,3.76,4.53,-0.77,192.1,1
S00584,2026-09-01,South,Road,Electronics,303.7,36.6,58.5,5.22,4.68,0.54,371.06,0
S00585,2026-09-01,Central,Rail,Electronics,430.7,23.5,40.8,4.36,5.36,-1.0,248.67,1
S00586,2026-07-01,West,Sea,Apparel,316.9,16.4,11.0,6.8,6.1,0.71,102.71,0
S00587,2026-07-01,North,Road,Apparel,540.0,10.7,6.8,6.37,4.54,1.83,215.32,0
S00588,2026-06-01,South,Rail,Electronics,90.1,7.7,9.4,4.69,6.37,-1.69,95.36,1
S00589,2026-03-01,South,Road,Apparel,344.2,23.2,23.9,6.92,5.49,1.43,249.9,0
S00590,2026-06-01,North,Road,Apparel,959.7,57.3,68.7,4.8,6.37,-1.57,528.77,1
S00591,2026-01-01,Central,Road,Furniture,317.5,22.9,34.8,4.54,3.28,1.26,255.65,0
S00592,2026-12-01,East,Road,Industrial,494.5,8.2,13.9,5.18,4.98,0.21,169.87,0
S00593,2026-05-01,South,Sea,Furniture,668.4,23.3,22.9,5.92,8.19,-2.27,201.11,1
S00594,2026-10-01,East,Road,Electronics,484.2,19.4,27.3,4.81,5.34,-0.53,307.7,1
S00595,2026-12-01,North,Air,Apparel,1135.9,35.2,23.8,4.46,4.08,0.39,580.43,0
S00596,2026-06-01,South,Rail,Industrial,401.8,29.8,34.2,4.65,6.52,-1.87,274.6,1
S00597,2026-11-01,West,Road,Electronics,557.1,5.0,2.2,5.5,5.93,-0.44,227.8,1
S00598,2026-06-01,West,Road,Apparel,442.4,28.6,31.6,4.91,6.07,-1.16,334.2,1
S00599,2026-02-01,Central,Air,Industrial,844.5,10.5,12.2,3.36,3.82,-0.46,427.64,1
S00600,2026-01-01,West,Road,Industrial,286.3,8.0,11.4,4.21,3.87,0.34,176.56,0
S00601,2026-02-01,East,Sea,Apparel,1191.1,17.8,23.3,8.0,8.31,-0.31,289.23,1
S00602,2026-12-01,West,Road,Furniture,238.8,26.2,23.7,3.7,4.31,-0.61,296.85,1
S00603,2026-06-01,Central,Rail,Apparel,1015.3,6.9,2.8,6.5,7.39,-0.89,231.41,1
S00604,2026-04-01,West,Air,Furniture,180.1,31.8,17.8,1.6,1.74,-0.15,220.31,1
S00605,2026-06-01,Central,Road,Electronics,568.4,33.0,58.1,7.6,4.75,2.85,345.87,0
S00606,2026-04-01,West,Road,Electronics,379.0,20.7,35.0,2.79,5.97,-3.17,282.05,1
S00607,2026-11-01,Central,Sea,Grocery,659.9,11.4,9.8,5.4,6.84,-1.43,160.26,1
S00608,2026-12-01,North,Road,Apparel,502.3,10.6,8.1,3.66,5.44,-1.78,271.01,1
S00609,2026-02-01,West,Road,Furniture,637.9,39.1,39.6,7.82,5.15,2.67,388.36,0
S00610,2026-09-01,East,Road,Apparel,175.3,7.5,10.3,2.04,3.59,-1.55,146.08,1
S00611,2026-05-01,East,Road,Industrial,104.9,40.1,36.1,4.02,4.91,-0.89,335.87,1
S00612,2026-01-01,West,Air,Furniture,153.8,18.0,8.9,2.64,3.08,-0.44,201.29,1
S00613,2026-12-01,Central,Air,Grocery,150.7,18.9,18.2,1.94,2.27,-0.33,223.57,1
S00614,2026-01-01,Central,Road,Furniture,173.6,6.6,5.1,4.73,3.32,1.4,166.3,0
S00615,2026-03-01,South,Air,Apparel,250.6,18.3,15.6,4.42,3.65,0.77,193.53,0
S00616,2026-01-01,West,Road,Grocery,249.0,29.9,18.8,3.63,4.32,-0.69,253.61,1
S00617,2026-06-01,West,Road,Electronics,385.0,8.4,11.1,4.81,5.86,-1.05,214.59,1
S00618,2026-08-01,South,Rail,Industrial,207.9,27.8,31.6,2.85,7.24,-4.39,244.17,1
S00619,2026-04-01,North,Sea,Industrial,220.4,21.3,16.6,5.24,6.05,-0.82,247.41,1
S00620,2026-01-01,North,Road,Industrial,330.7,13.2,15.5,2.83,4.2,-1.38,145.5,1
S00621,2026-02-01,West,Road,Industrial,716.3,35.0,38.1,5.26,4.92,0.33,325.92,0
S00622,2026-12-01,East,Road,Industrial,282.9,5.0,7.6,1.88,3.84,-1.96,176.04,1
S00623,2026-10-01,Central,Air,Apparel,368.2,25.2,43.7,2.63,3.6,-0.97,365.64,1
S00624,2026-12-01,East,Road,Industrial,409.0,57.5,33.5,2.22,4.52,-2.31,420.98,1
S00625,2026-07-01,Central,Road,Grocery,189.4,51.2,83.9,3.41,3.74,-0.33,411.45,1
S00626,2026-07-01,South,Air,Apparel,302.5,25.9,35.9,1.51,4.07,-2.56,337.45,1
S00627,2026-10-01,West,Road,Grocery,233.4,16.5,22.6,3.09,5.59,-2.5,174.77,1
S00628,2026-08-01,North,Road,Apparel,674.9,13.3,12.3,6.22,5.37,0.84,235.73,0
S00629,2026-06-01,East,Road,Apparel,640.9,16.5,14.5,5.72,5.48,0.24,277.14,0
S00630,2026-04-01,West,Road,Apparel,216.4,28.6,11.7,5.54,4.84,0.7,278.06,0
S00631,2026-06-01,Central,Road,Electronics,363.5,11.9,21.1,5.66,4.1,1.56,163.93,0
S00632,2026-01-01,Central,Air,Grocery,557.4,32.9,41.0,1.68,3.06,-1.38,422.33,1
S00633,2026-03-01,North,Rail,Industrial,467.6,80.4,77.4,6.87,5.9,0.97,533.33,0
S00634,2026-09-01,South,Rail,Grocery,500.2,19.3,22.4,4.16,6.78,-2.62,244.08,1
S00635,2026-11-01,North,Sea,Grocery,190.3,8.4,3.8,5.96,6.79,-0.83,125.7,1
S00636,2026-02-01,North,Road,Apparel,993.0,8.4,5.4,5.04,6.58,-1.54,271.39,1
S00637,2026-02-01,West,Road,Grocery,247.1,33.3,42.3,3.02,5.46,-2.44,339.67,1
S00638,2026-02-01,West,Sea,Electronics,242.1,19.3,21.6,6.54,5.94,0.6,173.9,0
S00639,2026-10-01,West,Road,Industrial,139.2,35.5,53.3,5.07,4.85,0.22,284.66,0
S00640,2026-04-01,Central,Rail,Electronics,340.6,14.2,18.8,5.59,4.78,0.81,130.28,0
S00641,2026-04-01,West,Air,Furniture,763.0,34.5,42.8,4.29,4.92,-0.63,479.44,1
S00642,2026-01-01,West,Road,Furniture,464.6,18.1,27.9,4.96,5.83,-0.88,274.19,1
S00643,2026-12-01,North,Road,Grocery,358.8,12.5,6.2,4.56,4.62,-0.07,206.59,1
S00644,2026-06-01,South,Road,Industrial,612.2,15.5,21.2,5.88,7.4,-1.52,286.7,1
S00645,2026-10-01,West,Road,Apparel,751.5,9.2,12.9,6.26,7.0,-0.74,275.76,1
S00646,2026-09-01,Central,Road,Industrial,640.0,73.2,57.5,4.73,5.77,-1.03,630.74,1
S00647,2026-02-01,North,Road,Furniture,79.9,18.9,12.7,4.18,4.2,-0.03,152.64,1
S00648,2026-10-01,East,Air,Furniture,615.5,30.5,21.4,1.28,4.89,-3.62,366.17,1
S00649,2026-07-01,West,Sea,Furniture,512.9,14.2,9.6,6.36,6.51,-0.15,145.73,1
S00650,2026-08-01,North,Air,Industrial,212.9,10.1,11.5,0.7,3.28,-2.58,168.59,1
S00651,2026-03-01,South,Road,Industrial,514.3,17.3,10.2,5.57,5.43,0.14,213.73,0
S00652,2026-11-01,Central,Road,Apparel,764.0,41.1,54.4,6.87,5.24,1.63,436.47,0
S00653,2026-12-01,West,Road,Furniture,254.9,14.3,7.8,3.62,5.19,-1.57,230.04,1
S00654,2026-05-01,South,Road,Furniture,668.4,11.4,5.0,5.82,6.97,-1.16,299.27,1
S00655,2026-02-01,Central,Sea,Apparel,471.2,22.2,18.8,6.55,5.73,0.82,239.93,0
S00656,2026-11-01,South,Road,Industrial,30.0,27.8,18.6,1.3,4.33,-3.03,289.29,1
S00657,2026-11-01,Central,Road,Apparel,376.7,58.4,104.2,3.09,4.5,-1.4,466.46,1
S00658,2026-07-01,South,Air,Grocery,459.2,25.3,20.8,3.93,4.08,-0.15,291.02,1
S00659,2026-07-01,East,Road,Electronics,310.9,30.5,21.7,0.7,5.19,-4.49,316.46,1
S00660,2026-03-01,South,Road,Apparel,482.6,32.1,21.7,3.92,7.56,-3.64,253.01,1
S00661,2026-01-01,South,Road,Industrial,350.1,9.5,8.8,6.15,5.68,0.47,155.88,0
S00662,2026-12-01,Central,Rail,Apparel,1336.6,10.7,13.4,8.47,7.55,0.92,295.74,0
S00663,2026-06-01,South,Air,Apparel,295.9,9.9,14.8,3.49,3.07,0.42,218.1,0
S00664,2026-04-01,North,Road,Apparel,217.5,8.4,7.7,4.61,4.04,0.57,146.26,0
S00665,2026-09-01,South,Sea,Grocery,647.6,33.7,43.0,7.47,7.43,0.04,264.95,0
S00666,2026-01-01,West,Air,Furniture,322.6,24.3,26.1,3.49,3.73,-0.24,302.83,1
S00667,2026-01-01,West,Air,Industrial,362.9,21.2,33.5,2.51,3.83,-1.32,343.03,1
S00668,2026-03-01,Central,Road,Electronics,342.3,5.0,6.0,3.8,4.12,-0.32,159.3,1
S00669,2026-06-01,South,Road,Grocery,625.5,76.4,61.6,4.75,7.23,-2.48,543.54,1
S00670,2026-05-01,South,Air,Grocery,172.6,11.2,15.6,4.26,3.01,1.25,144.47,0
S00671,2026-03-01,North,Road,Grocery,667.5,76.2,118.0,6.66,5.39,1.26,593.33,0
S00672,2026-05-01,East,Rail,Apparel,539.8,7.8,8.2,7.22,6.52,0.71,185.38,0
S00673,2026-05-01,Central,Air,Apparel,1079.8,11.8,21.1,3.59,5.25,-1.66,501.03,1
S00674,2026-07-01,West,Road,Grocery,436.3,5.0,8.2,3.52,6.05,-2.53,149.13,1
S00675,2026-07-01,East,Air,Grocery,182.6,25.4,17.2,3.7,3.02,0.68,179.04,0
S00676,2026-11-01,South,Sea,Grocery,439.4,9.8,14.7,7.3,7.85,-0.55,175.53,1
S00677,2026-10-01,Central,Rail,Grocery,475.3,10.0,12.4,5.23,5.19,0.04,145.94,0
S00678,2026-04-01,East,Road,Furniture,804.6,8.2,9.5,4.64,6.59,-1.95,283.07,1
S00679,2026-11-01,North,Air,Furniture,182.2,33.3,37.3,2.34,2.96,-0.62,280.34,1
S00680,2026-07-01,South,Road,Apparel,112.5,31.9,50.9,2.76,5.57,-2.81,237.35,1
S00681,2026-03-01,North,Air,Furniture,445.4,65.2,81.9,3.33,2.4,0.93,574.59,0
S00682,2026-05-01,South,Air,Industrial,1108.1,12.9,14.8,7.0,5.52,1.48,580.55,0
S00683,2026-09-01,North,Air,Electronics,590.2,23.2,10.8,4.98,4.05,0.93,399.77,0
S00684,2026-10-01,East,Road,Grocery,611.8,8.7,8.9,5.79,4.27,1.51,230.68,0
S00685,2026-05-01,West,Road,Apparel,136.2,16.2,27.0,2.15,4.82,-2.67,200.03,1
S00686,2026-02-01,South,Road,Furniture,398.4,14.3,20.0,5.15,6.14,-0.98,159.95,1
S00687,2026-03-01,East,Road,Apparel,813.9,27.2,12.8,8.14,5.87,2.26,309.06,0
S00688,2026-02-01,Central,Road,Furniture,479.0,38.9,63.7,2.94,4.52,-1.57,291.18,1
S00689,2026-09-01,West,Rail,Apparel,105.9,38.3,59.6,4.52,4.76,-0.24,359.17,1
S00690,2026-07-01,East,Road,Grocery,393.2,11.6,13.5,6.06,4.73,1.33,256.64,0
S00691,2026-06-01,South,Air,Industrial,564.5,38.4,16.6,4.54,4.22,0.32,452.04,0
S00692,2026-09-01,Central,Sea,Apparel,365.1,19.5,23.2,8.41,5.67,2.74,209.51,0
S00693,2026-10-01,South,Road,Industrial,200.1,16.3,7.7,3.44,4.69,-1.25,130.72,1
S00694,2026-10-01,South,Air,Industrial,659.9,12.7,10.8,2.8,4.6,-1.8,341.23,1
S00695,2026-02-01,Central,Rail,Industrial,287.7,14.0,17.9,5.83,4.86,0.97,241.05,0
S00696,2026-08-01,East,Road,Electronics,508.6,62.3,104.6,3.12,6.25,-3.13,525.1,1
S00697,2026-11-01,West,Road,Furniture,386.2,24.5,22.1,4.33,5.08,-0.75,246.71,1
S00698,2026-10-01,East,Air,Electronics,280.0,22.5,36.1,2.3,3.25,-0.95,227.49,1
S00699,2026-04-01,West,Sea,Apparel,1183.3,16.9,28.6,9.68,8.8,0.88,311.79,0
S00700,2026-05-01,South,Rail,Industrial,257.9,98.5,42.3,6.08,5.72,0.36,571.23,0
S00701,2026-11-01,South,Sea,Furniture,408.1,46.9,34.5,7.1,6.38,0.72,278.54,0
S00702,2026-01-01,South,Sea,Grocery,385.4,12.6,17.5,5.97,6.38,-0.42,138.57,1
S00703,2026-07-01,North,Road,Apparel,438.2,16.8,24.5,5.64,4.21,1.42,198.22,0
S00704,2026-02-01,Central,Rail,Furniture,1130.7,17.5,16.6,11.67,7.43,4.24,282.66,0
S00705,2026-11-01,South,Road,Furniture,565.0,22.1,29.1,6.23,6.61,-0.37,300.18,1
S00706,2026-01-01,East,Sea,Grocery,278.0,12.7,16.0,5.7,5.38,0.32,144.21,0
S00707,2026-01-01,West,Road,Industrial,923.4,26.7,38.4,4.44,6.49,-2.05,412.39,1
S00708,2026-04-01,West,Road,Apparel,627.3,51.6,72.6,4.45,5.26,-0.81,472.39,1
S00709,2026-03-01,East,Air,Electronics,281.9,8.6,4.4,2.12,2.95,-0.83,240.35,1
S00710,2026-06-01,East,Road,Furniture,838.6,9.6,6.0,4.86,6.77,-1.91,256.36,1
S00711,2026-04-01,Central,Air,Industrial,135.0,14.7,8.6,1.45,1.95,-0.5,292.78,1
S00712,2026-05-01,West,Road,Apparel,167.0,15.1,25.8,6.19,4.64,1.55,167.69,0
S00713,2026-07-01,West,Sea,Apparel,99.6,73.6,123.6,6.94,6.8,0.13,470.48,0
S00714,2026-07-01,Central,Air,Electronics,62.7,38.5,58.4,1.08,2.2,-1.13,271.53,1
S00715,2026-12-01,West,Road,Industrial,802.3,37.1,20.9,4.22,6.05,-1.83,389.7,1
S00716,2026-06-01,South,Air,Apparel,441.8,16.9,20.4,5.1,4.21,0.89,244.35,0
S00717,2026-07-01,East,Road,Grocery,108.2,16.7,11.0,3.44,3.79,-0.35,183.1,1
S00718,2026-09-01,North,Rail,Industrial,378.7,7.8,7.2,2.59,5.66,-3.07,86.12,1
S00719,2026-03-01,West,Rail,Electronics,681.3,33.4,25.8,7.08,7.15,-0.07,321.3,1
S00720,2026-09-01,Central,Air,Grocery,225.4,27.6,43.1,3.01,1.74,1.27,252.45,0
S00721,2026-11-01,East,Road,Grocery,310.9,46.3,27.9,1.03,4.85,-3.82,342.05,1
S00722,2026-04-01,East,Road,Furniture,1217.0,17.5,22.8,5.55,7.22,-1.67,406.17,1
S00723,2026-03-01,North,Rail,Apparel,331.1,18.3,32.6,4.48,5.59,-1.11,294.43,1
S00724,2026-05-01,Central,Rail,Apparel,116.3,22.4,30.6,4.74,4.94,-0.2,169.11,1
S00725,2026-04-01,North,Road,Electronics,266.0,35.9,18.3,2.99,4.58,-1.58,287.74,1
S00726,2026-08-01,North,Road,Furniture,101.6,7.7,12.9,2.14,3.73,-1.59,107.39,1
S00727,2026-11-01,South,Road,Furniture,594.5,32.4,42.1,6.36,6.62,-0.26,324.01,1
S00728,2026-08-01,North,Air,Electronics,201.9,19.8,20.6,1.28,2.12,-0.85,215.01,1
S00729,2026-02-01,East,Road,Apparel,196.9,10.1,13.4,4.42,3.79,0.64,189.73,0
S00730,2026-04-01,East,Road,Industrial,1284.0,5.2,8.4,5.38,5.87,-0.49,313.7,1
S00731,2026-09-01,South,Sea,Electronics,152.4,18.4,19.6,4.13,6.49,-2.36,258.5,1
S00732,2026-04-01,North,Road,Apparel,130.3,51.5,58.9,4.21,3.55,0.65,383.79,0
S00733,2026-08-01,North,Air,Grocery,174.1,59.7,61.6,2.1,2.68,-0.58,405.72,1
S00734,2026-09-01,South,Road,Apparel,694.7,25.3,12.7,6.88,5.44,1.44,305.59,0
S00735,2026-04-01,North,Air,Apparel,545.6,71.9,108.0,2.15,3.19,-1.04,623.27,1
S00736,2026-08-01,West,Air,Grocery,263.4,19.5,11.3,1.64,3.57,-1.93,279.71,1
S00737,2026-05-01,South,Air,Electronics,246.1,37.3,35.5,4.58,3.07,1.52,287.0,0
S00738,2026-02-01,South,Road,Grocery,519.0,15.0,14.1,3.34,6.15,-2.81,194.48,1
S00739,2026-05-01,South,Road,Furniture,453.0,14.4,11.4,6.62,5.48,1.14,204.07,0
S00740,2026-06-01,South,Air,Grocery,346.2,12.9,12.5,4.81,3.85,0.97,273.61,0
S00741,2026-01-01,North,Road,Electronics,557.8,5.3,6.7,5.52,5.45,0.08,242.23,0
S00742,2026-11-01,North,Road,Industrial,164.8,46.4,38.8,2.5,4.53,-2.04,385.71,1
S00743,2026-07-01,Central,Road,Electronics,204.5,13.2,8.5,2.25,4.01,-1.77,191.29,1
S00744,2026-01-01,North,Sea,Furniture,576.6,11.9,19.3,5.84,6.39,-0.56,181.96,1
S00745,2026-11-01,East,Rail,Apparel,477.5,9.3,16.4,3.71,5.8,-2.09,205.38,1
S00746,2026-11-01,East,Rail,Furniture,396.9,17.6,18.3,3.9,6.12,-2.22,167.12,1
S00747,2026-01-01,South,Air,Electronics,1256.5,63.2,54.2,6.5,5.88,0.62,737.61,0
S00748,2026-02-01,East,Road,Electronics,637.2,78.3,36.5,5.78,5.58,0.2,579.87,0
S00749,2026-05-01,West,Road,Grocery,269.3,6.8,3.1,2.94,4.75,-1.82,116.29,1
S00750,2026-07-01,Central,Road,Electronics,218.5,16.0,15.2,4.15,3.96,0.2,190.2,0
S00751,2026-09-01,South,Rail,Apparel,492.4,10.3,17.5,6.54,6.16,0.37,188.38,0
S00752,2026-06-01,South,Road,Furniture,800.8,38.2,54.3,7.91,5.8,2.11,435.41,0
S00753,2026-08-01,South,Air,Industrial,87.8,24.2,21.5,3.16,3.4,-0.25,256.31,1
S00754,2026-01-01,East,Air,Electronics,469.4,13.3,23.3,4.23,4.09,0.14,328.43,0
S00755,2026-08-01,West,Road,Industrial,307.2,21.1,21.1,4.95,4.16,0.79,242.68,0
S00756,2026-11-01,South,Rail,Furniture,441.7,14.7,11.6,7.05,6.71,0.34,178.79,0
S00757,2026-07-01,South,Road,Industrial,122.4,57.4,57.2,2.53,5.38,-2.85,396.78,1
S00758,2026-06-01,Central,Sea,Furniture,800.5,28.7,20.0,6.37,7.52,-1.15,257.91,1
S00759,2026-04-01,North,Sea,Furniture,935.7,31.0,50.9,7.05,7.59,-0.54,316.79,1
S00760,2026-12-01,East,Sea,Grocery,600.6,5.0,4.5,6.16,6.7,-0.53,236.18,1
S00761,2026-01-01,West,Road,Furniture,1052.1,19.2,25.4,6.98,7.16,-0.19,371.36,1
S00762,2026-04-01,North,Road,Industrial,296.4,77.8,73.5,4.52,4.55,-0.03,544.32,1
S00763,2026-02-01,North,Road,Electronics,462.1,47.6,79.1,4.67,4.93,-0.26,401.8,1
S00764,2026-11-01,North,Road,Apparel,606.3,6.0,7.9,4.36,5.19,-0.83,247.94,1
S00765,2026-06-01,Central,Road,Electronics,496.7,16.4,17.8,3.16,4.24,-1.08,273.05,1
S00766,2026-12-01,North,Road,Industrial,324.1,9.2,5.4,5.17,4.71,0.46,200.61,0
S00767,2026-08-01,South,Sea,Apparel,348.8,61.1,101.6,6.81,7.3,-0.5,456.81,1
S00768,2026-07-01,North,Road,Furniture,884.1,23.5,27.4,4.08,6.16,-2.07,391.85,1
S00769,2026-07-01,North,Road,Industrial,383.3,12.2,9.7,3.72,4.72,-1.0,245.69,1
S00770,2026-03-01,West,Air,Industrial,772.5,20.5,33.5,1.87,5.59,-3.72,447.72,1
S00771,2026-07-01,South,Rail,Electronics,369.8,5.0,2.4,5.67,6.02,-0.34,131.55,1
S00772,2026-09-01,East,Air,Furniture,769.7,9.9,8.3,3.49,5.08,-1.59,401.58,1
S00773,2026-12-01,East,Rail,Industrial,411.6,20.6,23.7,4.43,5.48,-1.05,194.61,1
S00774,2026-07-01,Central,Air,Electronics,574.6,34.8,30.5,4.68,3.95,0.73,410.51,0
S00775,2026-12-01,North,Rail,Furniture,239.3,5.7,6.1,2.92,5.68,-2.76,124.99,1
S00776,2026-12-01,Central,Road,Apparel,461.4,15.7,12.1,4.86,4.54,0.33,171.71,0
S00777,2026-07-01,West,Rail,Furniture,242.0,38.7,22.5,7.71,6.5,1.2,317.1,0
S00778,2026-06-01,North,Road,Grocery,291.3,7.8,3.5,5.06,4.64,0.41,126.56,0
S00779,2026-02-01,West,Road,Apparel,308.4,23.3,14.5,4.32,4.62,-0.3,224.76,1
S00780,2026-04-01,Central,Road,Electronics,344.7,21.0,36.4,2.24,4.17,-1.93,246.19,1
S00781,2026-11-01,South,Road,Electronics,715.1,61.2,73.8,4.08,7.05,-2.97,530.9,1
S00782,2026-02-01,Central,Air,Electronics,283.3,17.3,18.8,1.37,3.05,-1.68,241.65,1
S00783,2026-05-01,East,Road,Grocery,430.6,18.0,16.9,3.54,4.57,-1.03,238.63,1
S00784,2026-09-01,East,Road,Apparel,771.2,35.0,48.7,4.44,5.97,-1.53,400.84,1
S00785,2026-03-01,Central,Road,Electronics,567.0,8.5,5.1,3.87,5.08,-1.21,198.38,1
S00786,2026-12-01,South,Air,Furniture,89.6,17.4,13.7,2.32,2.9,-0.57,160.52,1
S00787,2026-08-01,West,Road,Furniture,119.5,14.9,19.7,4.44,5.71,-1.27,211.34,1
S00788,2026-01-01,South,Rail,Grocery,502.7,18.4,19.6,4.45,6.81,-2.36,149.77,1
S00789,2026-03-01,West,Air,Industrial,273.1,34.9,51.5,1.81,3.33,-1.52,346.82,1
S00790,2026-09-01,East,Road,Apparel,105.5,28.8,47.7,3.29,4.79,-1.5,237.91,1
S00791,2026-11-01,South,Air,Industrial,258.9,12.3,19.2,2.67,3.44,-0.76,238.47,1
S00792,2026-12-01,South,Road,Electronics,515.0,22.0,14.4,7.53,6.43,1.09,221.41,0
S00793,2026-11-01,South,Road,Furniture,305.9,52.9,27.9,4.94,4.52,0.42,366.68,0
S00794,2026-01-01,North,Rail,Industrial,403.3,11.7,7.5,2.8,5.29,-2.49,169.67,1
S00795,2026-09-01,North,Sea,Industrial,325.6,22.1,33.0,5.93,6.63,-0.7,257.93,1
S00796,2026-02-01,South,Road,Grocery,233.0,17.7,29.8,5.13,5.93,-0.8,225.6,1
S00797,2026-01-01,North,Rail,Grocery,455.5,19.3,32.7,4.81,5.28,-0.47,190.69,1
S00798,2026-09-01,North,Road,Apparel,95.7,7.0,5.7,1.65,3.42,-1.77,105.74,1
S00799,2026-06-01,West,Rail,Furniture,211.4,50.2,79.2,7.08,5.87,1.21,410.14,0
S00800,2026-08-01,West,Rail,Furniture,635.7,12.1,14.0,4.73,6.45,-1.73,164.03,1
S00801,2026-11-01,West,Rail,Industrial,122.8,39.1,60.7,5.47,5.21,0.26,302.6,0
S00802,2026-01-01,South,Rail,Grocery,389.8,13.4,15.7,5.93,6.82,-0.89,185.28,1
S00803,2026-07-01,Central,Road,Electronics,289.1,13.4,8.1,4.25,3.93,0.32,174.79,0
S00804,2026-11-01,East,Rail,Grocery,269.8,44.2,22.6,6.88,4.47,2.42,410.25,0
S00805,2026-06-01,North,Rail,Electronics,674.0,38.3,66.7,6.27,5.62,0.65,353.24,0
S00806,2026-07-01,North,Rail,Apparel,757.4,23.0,22.9,5.11,6.51,-1.4,290.97,1
S00807,2026-06-01,West,Road,Apparel,173.7,32.9,29.3,5.37,3.75,1.61,244.7,0
S00808,2026-11-01,North,Road,Furniture,346.6,16.7,15.0,3.07,4.41,-1.34,237.02,1
S00809,2026-01-01,East,Road,Electronics,73.3,20.0,18.6,3.61,3.41,0.2,217.51,0
S00810,2026-11-01,Central,Road,Electronics,650.3,13.1,22.5,2.89,6.03,-3.14,242.16,1
S00811,2026-10-01,North,Road,Electronics,376.2,36.1,17.6,2.65,5.73,-3.07,311.69,1
S00812,2026-10-01,North,Road,Industrial,115.6,12.8,7.3,3.29,3.39,-0.11,122.51,1
S00813,2026-05-01,Central,Air,Furniture,219.3,52.7,79.4,2.17,2.54,-0.37,397.87,1
S00814,2026-07-01,East,Road,Electronics,161.5,16.4,19.1,1.52,3.87,-2.35,223.32,1
S00815,2026-05-01,North,Air,Electronics,209.8,20.4,11.8,2.5,2.43,0.08,219.05,0
S00816,2026-04-01,Central,Road,Grocery,80.3,32.9,14.7,1.9,4.52,-2.63,159.04,1
S00817,2026-11-01,Central,Air,Apparel,878.3,20.4,14.6,5.14,4.01,1.13,519.09,0
S00818,2026-07-01,East,Road,Grocery,179.0,16.5,12.7,3.26,4.25,-1.0,158.12,1
S00819,2026-09-01,West,Road,Apparel,389.2,19.7,8.3,3.18,4.81,-1.63,226.28,1
S00820,2026-02-01,South,Rail,Industrial,511.9,35.9,25.2,6.12,7.3,-1.18,365.07,1
S00821,2026-10-01,North,Sea,Apparel,758.1,13.1,18.7,5.46,5.67,-0.21,199.23,1
S00822,2026-08-01,East,Road,Furniture,398.3,18.5,29.6,5.89,4.79,1.11,241.42,0
S00823,2026-12-01,South,Road,Electronics,322.1,20.2,33.5,4.7,5.37,-0.68,201.12,1
S00824,2026-02-01,West,Rail,Industrial,409.6,35.2,33.3,5.25,5.81,-0.56,242.04,1
S00825,2026-07-01,Central,Air,Industrial,172.9,18.8,15.9,2.32,2.71,-0.39,216.88,1
S00826,2026-07-01,North,Road,Furniture,184.3,65.1,117.1,2.16,4.71,-2.56,496.49,1
S00827,2026-07-01,East,Road,Grocery,316.9,18.1,26.8,2.47,4.07,-1.61,239.47,1
S00828,2026-01-01,South,Road,Electronics,54.9,17.2,19.8,4.46,5.7,-1.24,155.35,1
S00829,2026-06-01,Central,Sea,Furniture,236.7,18.0,13.6,3.58,4.95,-1.36,180.96,1
S00830,2026-04-01,South,Road,Furniture,276.5,8.5,7.3,3.19,5.91,-2.72,99.32,1
S00831,2026-08-01,West,Road,Apparel,1148.6,10.2,11.5,7.74,7.47,0.27,347.53,0
S00832,2026-03-01,East,Sea,Apparel,818.9,14.2,16.5,7.73,7.52,0.21,218.36,0
S00833,2026-06-01,South,Road,Grocery,510.7,42.0,17.6,3.65,5.71,-2.06,433.34,1
S00834,2026-08-01,West,Road,Industrial,660.5,19.7,34.3,4.56,6.02,-1.46,303.32,1
S00835,2026-01-01,West,Road,Furniture,183.1,14.7,17.7,2.88,4.81,-1.93,149.17,1
S00836,2026-10-01,East,Road,Furniture,417.0,44.6,54.6,6.58,4.6,1.98,384.84,0
S00837,2026-09-01,West,Road,Furniture,610.1,55.1,38.3,6.33,5.78,0.55,444.81,0
S00838,2026-01-01,Central,Road,Apparel,184.4,45.4,66.8,2.69,3.53,-0.84,372.91,1
S00839,2026-01-01,South,Air,Apparel,119.8,11.5,16.5,3.25,2.63,0.63,174.07,0
S00840,2026-11-01,East,Air,Electronics,476.4,14.6,7.8,1.23,3.21,-1.99,251.59,1
S00841,2026-04-01,North,Road,Furniture,131.8,65.3,80.5,2.43,3.39,-0.97,390.68,1
S00842,2026-11-01,West,Rail,Apparel,541.1,23.5,31.0,5.93,6.29,-0.36,268.59,1
S00843,2026-06-01,East,Road,Apparel,750.1,16.9,26.5,5.85,6.2,-0.35,349.25,1
S00844,2026-05-01,South,Sea,Apparel,189.0,32.0,22.1,5.8,6.69,-0.88,248.81,1
S00845,2026-04-01,North,Road,Electronics,200.6,38.7,63.0,3.77,5.14,-1.38,355.75,1
S00846,2026-08-01,Central,Rail,Grocery,736.5,13.9,14.5,5.64,5.14,0.5,260.85,0
S00847,2026-02-01,South,Road,Apparel,399.8,23.2,12.4,4.71,5.85,-1.14,264.83,1
S00848,2026-05-01,West,Rail,Electronics,676.5,36.7,20.1,5.81,6.88,-1.07,297.13,1
S00849,2026-05-01,North,Road,Furniture,325.1,9.4,6.4,3.27,4.91,-1.64,182.66,1
S00850,2026-02-01,Central,Air,Apparel,342.3,20.2,16.1,2.34,3.11,-0.77,326.35,1
S00851,2026-05-01,North,Road,Apparel,392.8,9.7,10.7,4.5,4.61,-0.1,211.05,1
S00852,2026-07-01,South,Sea,Apparel,1009.1,10.6,15.3,8.45,8.99,-0.54,237.13,1
S00853,2026-09-01,Central,Road,Furniture,643.9,13.9,9.2,3.02,4.82,-1.8,239.31,1
S00854,2026-02-01,Central,Air,Apparel,230.9,27.4,49.0,0.7,2.75,-2.05,297.75,1
S00855,2026-11-01,South,Air,Furniture,437.2,16.3,10.2,3.91,3.17,0.74,288.45,0
S00856,2026-11-01,East,Sea,Industrial,309.4,13.2,16.3,7.5,6.75,0.75,164.81,0
S00857,2026-09-01,West,Road,Furniture,269.8,20.8,35.3,4.44,4.94,-0.5,279.39,1
S00858,2026-12-01,Central,Road,Apparel,531.4,9.5,14.9,3.66,4.63,-0.97,137.59,1
S00859,2026-06-01,South,Road,Furniture,464.0,26.5,34.7,5.37,5.67,-0.3,300.05,1
S00860,2026-10-01,East,Road,Apparel,190.8,41.9,58.7,2.31,4.35,-2.04,334.18,1
S00861,2026-09-01,West,Rail,Apparel,393.5,19.1,11.2,7.03,6.74,0.29,160.17,0
S00862,2026-07-01,West,Sea,Grocery,263.8,17.6,7.3,6.07,8.15,-2.08,199.57,1
S00863,2026-03-01,West,Sea,Apparel,510.1,25.6,25.8,5.68,7.83,-2.15,220.53,1
S00864,2026-07-01,East,Road,Electronics,255.4,5.4,2.8,3.7,4.33,-0.63,129.77,1
S00865,2026-11-01,North,Rail,Apparel,343.7,28.5,25.6,4.0,5.67,-1.67,320.43,1
S00866,2026-12-01,Central,Air,Electronics,275.2,150.8,107.6,3.5,2.9,0.6,953.97,0
S00867,2026-06-01,Central,Sea,Apparel,92.6,18.5,31.2,4.3,4.79,-0.49,204.47,1
S00868,2026-03-01,West,Road,Grocery,978.8,18.6,30.3,6.41,6.29,0.12,365.92,0
S00869,2026-09-01,North,Road,Industrial,390.6,32.6,50.4,4.7,4.65,0.05,318.87,0
S00870,2026-01-01,South,Air,Electronics,999.5,58.5,81.9,4.05,6.08,-2.03,788.62,1
S00871,2026-02-01,West,Road,Grocery,402.5,37.9,23.3,4.86,4.51,0.35,358.34,0
S00872,2026-07-01,North,Road,Apparel,592.8,5.0,2.3,4.89,4.89,0.0,174.73,0
S00873,2026-12-01,Central,Sea,Electronics,242.4,29.0,38.1,3.03,5.96,-2.93,199.57,1
S00874,2026-04-01,South,Sea,Apparel,246.9,106.9,138.9,6.4,6.81,-0.4,694.97,1
S00875,2026-06-01,West,Sea,Electronics,376.1,30.1,27.6,6.09,7.55,-1.47,254.67,1
S00876,2026-04-01,Central,Air,Electronics,994.1,9.5,10.1,4.02,3.86,0.17,392.3,0
S00877,2026-06-01,South,Road,Apparel,196.0,24.1,26.2,4.39,6.22,-1.83,248.46,1
S00878,2026-01-01,South,Road,Apparel,73.0,8.7,6.4,4.33,3.93,0.39,117.87,0
S00879,2026-08-01,East,Road,Grocery,726.0,44.8,37.6,6.89,4.9,1.99,448.87,0
S00880,2026-08-01,East,Rail,Electronics,615.9,10.8,10.6,4.24,6.38,-2.14,210.73,1
S00881,2026-04-01,South,Road,Electronics,286.4,21.1,26.2,4.17,4.73,-0.56,214.79,1
S00882,2026-04-01,East,Rail,Electronics,1229.9,11.5,20.0,8.25,8.1,0.15,296.15,0
S00883,2026-10-01,Central,Road,Grocery,1262.0,14.1,16.2,6.81,6.87,-0.06,355.28,1
S00884,2026-03-01,East,Air,Apparel,86.7,52.8,75.1,2.42,2.44,-0.03,376.77,1
S00885,2026-01-01,South,Road,Grocery,238.2,21.5,32.9,7.9,4.74,3.16,215.57,0
S00886,2026-01-01,South,Road,Apparel,374.2,14.0,7.8,5.61,5.76,-0.15,245.64,1
S00887,2026-11-01,South,Road,Electronics,501.3,9.5,12.5,6.61,5.73,0.87,202.75,0
S00888,2026-05-01,North,Road,Industrial,453.9,6.0,6.4,3.78,5.41,-1.64,231.3,1
S00889,2026-02-01,North,Air,Electronics,389.6,8.9,10.7,1.14,2.99,-1.85,306.75,1
S00890,2026-11-01,West,Road,Electronics,173.5,21.6,9.8,3.59,4.2,-0.61,179.94,1
S00891,2026-02-01,South,Road,Electronics,541.8,38.0,63.4,6.19,5.16,1.03,283.75,0
S00892,2026-05-01,Central,Air,Industrial,561.4,14.0,24.2,3.17,3.27,-0.11,369.4,1
S00893,2026-01-01,South,Rail,Grocery,694.7,55.7,22.6,7.03,6.59,0.44,403.35,0
S00894,2026-09-01,North,Road,Grocery,154.6,12.6,8.8,3.06,3.35,-0.29,130.81,1
S00895,2026-09-01,West,Road,Industrial,334.7,17.2,11.2,3.96,5.39,-1.43,195.48,1
S00896,2026-10-01,Central,Road,Electronics,276.5,10.0,14.9,3.24,3.28,-0.04,161.21,1
S00897,2026-04-01,South,Rail,Industrial,152.3,38.2,47.3,5.93,6.43,-0.5,339.99,1
S00898,2026-04-01,South,Road,Electronics,331.0,78.5,50.9,5.77,5.5,0.27,526.7,0
S00899,2026-12-01,South,Road,Grocery,180.4,6.4,9.8,3.04,4.98,-1.94,183.54,1
S00900,2026-10-01,East,Road,Apparel,132.3,16.0,14.4,4.52,3.75,0.77,194.05,0
S00901,2026-01-01,East,Rail,Apparel,620.8,45.7,47.8,4.91,6.81,-1.9,369.94,1
S00902,2026-09-01,South,Road,Industrial,285.3,7.8,7.4,5.18,5.29,-0.11,148.52,1
S00903,2026-10-01,North,Air,Electronics,229.8,29.0,32.8,1.7,2.3,-0.6,319.34,1
S00904,2026-07-01,East,Road,Industrial,800.7,44.4,47.6,7.38,6.22,1.16,478.51,0
S00905,2026-08-01,Central,Rail,Apparel,572.1,21.1,16.6,4.57,4.95,-0.38,276.26,1
S00906,2026-01-01,West,Road,Furniture,65.7,28.7,28.6,3.91,3.56,0.34,223.34,0
S00907,2026-01-01,East,Road,Industrial,503.4,63.1,105.5,5.36,4.74,0.62,529.75,0
S00908,2026-01-01,North,Road,Electronics,501.8,71.3,78.7,3.2,5.17,-1.97,560.5,1
S00909,2026-02-01,South,Air,Industrial,321.5,19.3,32.5,3.0,3.79,-0.79,271.9,1
S00910,2026-12-01,South,Air,Grocery,313.1,14.2,16.6,2.74,4.29,-1.56,208.14,1
S00911,2026-08-01,West,Road,Furniture,102.6,11.0,16.3,3.14,4.02,-0.88,122.18,1
S00912,2026-10-01,Central,Road,Electronics,1221.4,37.9,30.7,5.54,7.08,-1.54,475.03,1
S00913,2026-04-01,Central,Sea,Grocery,330.1,8.2,12.4,6.61,5.86,0.75,166.28,0
S00914,2026-12-01,Central,Road,Furniture,485.9,17.0,13.1,3.3,4.28,-0.98,288.07,1
S00915,2026-03-01,Central,Road,Apparel,342.9,21.5,9.2,4.36,4.55,-0.18,187.76,1
S00916,2026-11-01,Central,Road,Electronics,232.6,14.5,9.1,3.74,4.01,-0.27,162.93,1
S00917,2026-01-01,North,Rail,Apparel,650.9,24.1,10.4,3.76,5.89,-2.13,246.31,1
S00918,2026-01-01,North,Rail,Industrial,428.4,106.4,183.6,5.54,5.61,-0.07,761.99,1
S00919,2026-01-01,South,Rail,Electronics,332.1,18.6,33.4,3.76,6.16,-2.4,197.14,1
S00920,2026-10-01,East,Sea,Furniture,482.6,15.1,22.2,6.93,6.76,0.16,178.81,0
S00921,2026-04-01,North,Road,Industrial,364.8,38.9,21.4,3.28,4.41,-1.13,277.19,1
S00922,2026-06-01,Central,Road,Electronics,1040.9,23.5,38.9,5.6,5.64,-0.04,409.1,1
S00923,2026-06-01,West,Road,Electronics,637.2,51.2,73.8,3.65,6.01,-2.36,464.75,1
S00924,2026-10-01,East,Road,Furniture,533.8,22.4,19.3,4.84,4.98,-0.15,258.3,1
S00925,2026-05-01,North,Road,Electronics,113.7,17.1,18.9,4.37,3.41,0.97,172.44,0
S00926,2026-01-01,South,Road,Grocery,545.7,6.3,8.4,4.31,5.9,-1.59,242.29,1
S00927,2026-05-01,North,Road,Furniture,537.1,7.0,3.0,3.63,5.46,-1.83,165.33,1
S00928,2026-04-01,Central,Rail,Grocery,183.0,6.1,6.7,4.58,4.8,-0.22,93.4,1
S00929,2026-09-01,East,Road,Apparel,111.5,25.7,36.6,4.11,3.94,0.17,277.03,0
S00930,2026-10-01,West,Road,Furniture,621.0,8.3,5.5,2.18,5.64,-3.46,225.84,1
S00931,2026-02-01,South,Rail,Grocery,669.9,45.4,46.4,8.98,7.48,1.5,407.42,0
S00932,2026-10-01,South,Rail,Electronics,247.8,20.5,23.5,5.95,4.79,1.16,221.5,0
S00933,2026-01-01,South,Air,Grocery,239.7,17.1,24.5,3.74,3.96,-0.23,241.94,1
S00934,2026-08-01,West,Air,Industrial,423.6,11.6,20.3,2.9,2.84,0.06,262.51,0
S00935,2026-05-01,West,Rail,Furniture,284.6,30.1,47.8,2.77,5.08,-2.31,302.15,1
S00936,2026-04-01,South,Road,Grocery,109.3,11.9,15.1,4.95,4.55,0.4,195.28,0
S00937,2026-06-01,Central,Road,Apparel,181.3,10.6,12.9,2.5,4.99,-2.49,197.89,1
S00938,2026-04-01,North,Rail,Electronics,474.5,43.5,54.1,5.7,6.56,-0.86,317.74,1
S00939,2026-10-01,Central,Road,Apparel,189.4,25.3,29.4,2.95,4.28,-1.33,285.65,1
S00940,2026-12-01,North,Road,Electronics,690.9,17.2,8.3,5.12,5.7,-0.58,265.66,1
S00941,2026-10-01,South,Road,Industrial,531.6,30.5,42.0,4.31,5.05,-0.74,307.89,1
S00942,2026-06-01,Central,Road,Apparel,486.9,20.2,28.3,5.13,4.83,0.3,263.88,0
S00943,2026-07-01,North,Road,Furniture,417.8,25.8,28.8,2.58,4.49,-1.91,311.82,1
S00944,2026-06-01,South,Road,Electronics,224.9,11.8,19.1,7.23,4.72,2.52,196.89,0
S00945,2026-10-01,East,Air,Apparel,578.3,77.2,103.5,6.0,3.98,2.02,673.21,0
S00946,2026-07-01,South,Sea,Apparel,220.1,13.8,12.5,8.05,6.48,1.58,188.54,0
S00947,2026-06-01,West,Road,Apparel,714.8,55.2,23.6,7.08,6.62,0.46,469.78,0
S00948,2026-05-01,Central,Sea,Furniture,943.5,17.8,8.6,6.82,6.65,0.16,212.75,0
S00949,2026-05-01,Central,Road,Industrial,426.8,33.9,30.3,5.34,4.62,0.72,297.49,0
S00950,2026-07-01,South,Sea,Industrial,868.6,32.4,33.9,7.69,8.07,-0.38,325.8,1
S00951,2026-09-01,East,Sea,Electronics,183.3,42.3,26.8,3.37,5.8,-2.44,292.55,1
S00952,2026-06-01,South,Road,Furniture,535.4,11.6,7.7,7.17,6.14,1.03,176.37,0
S00953,2026-10-01,South,Air,Electronics,383.0,40.4,29.2,4.68,3.41,1.27,427.51,0
S00954,2026-10-01,North,Sea,Industrial,627.7,66.7,99.6,6.2,7.03,-0.82,478.85,1
S00955,2026-06-01,Central,Sea,Grocery,69.4,17.0,25.1,2.96,5.09,-2.13,226.59,1
S00956,2026-11-01,Central,Sea,Apparel,604.5,20.5,19.2,5.25,6.35,-1.1,176.73,1
S00957,2026-03-01,West,Rail,Electronics,240.9,14.3,9.2,2.69,5.43,-2.74,161.76,1
S00958,2026-12-01,East,Road,Electronics,395.8,16.0,8.9,5.48,4.92,0.56,195.58,0
S00959,2026-04-01,East,Air,Apparel,1208.8,61.1,31.9,2.95,5.27,-2.32,726.36,1
S00960,2026-07-01,East,Rail,Industrial,546.8,10.5,9.9,5.88,6.22,-0.35,168.47,1
S00961,2026-04-01,East,Rail,Furniture,502.0,10.9,5.0,4.34,5.96,-1.62,240.77,1
S00962,2026-06-01,East,Road,Industrial,476.1,57.2,49.6,2.74,4.92,-2.18,455.48,1
S00963,2026-05-01,North,Rail,Electronics,761.1,30.1,52.6,6.11,7.31,-1.2,302.35,1
S00964,2026-09-01,North,Road,Grocery,641.1,79.7,88.5,4.26,5.59,-1.32,546.41,1
S00965,2026-01-01,Central,Air,Apparel,479.5,15.0,23.3,3.48,2.94,0.54,250.01,0
S00966,2026-11-01,East,Road,Grocery,442.0,21.8,12.7,2.84,5.2,-2.36,238.4,1
S00967,2026-11-01,Central,Rail,Apparel,423.0,13.1,10.1,3.73,4.86,-1.13,161.46,1
S00968,2026-07-01,North,Air,Apparel,369.1,22.0,38.0,0.7,2.81,-2.11,309.47,1
S00969,2026-07-01,East,Road,Grocery,152.5,6.3,5.9,0.89,4.16,-3.27,50.92,1
S00970,2026-09-01,South,Road,Electronics,539.4,31.4,41.0,7.55,5.38,2.17,335.71,0
S00971,2026-03-01,South,Road,Grocery,258.7,24.8,43.8,7.12,5.41,1.71,296.91,0
S00972,2026-09-01,North,Sea,Furniture,339.5,19.3,22.7,5.56,5.89,-0.33,258.36,1
S00973,2026-03-01,North,Air,Electronics,668.2,15.6,12.9,2.13,3.68,-1.55,299.98,1
S00974,2026-09-01,Central,Road,Industrial,374.9,11.2,12.9,3.37,4.16,-0.79,169.61,1
S00975,2026-04-01,South,Road,Grocery,355.6,32.2,15.4,5.88,6.97,-1.09,260.68,1
S00976,2026-09-01,East,Road,Furniture,427.6,9.4,5.2,3.74,4.76,-1.01,198.21,1
S00977,2026-10-01,East,Road,Furniture,310.3,28.0,11.5,4.36,3.73,0.63,217.85,0
S00978,2026-03-01,South,Sea,Furniture,1193.2,77.4,126.7,8.7,8.61,0.08,668.65,0
S00979,2026-08-01,East,Air,Furniture,1095.5,52.8,70.7,3.93,5.72,-1.79,716.84,1
S00980,2026-06-01,South,Road,Industrial,1078.3,7.6,6.2,6.14,8.16,-2.03,298.38,1
S00981,2026-04-01,Central,Air,Grocery,477.2,14.2,10.1,2.79,2.78,0.01,351.65,0
S00982,2026-08-01,West,Road,Apparel,246.9,26.4,35.8,2.96,5.53,-2.56,259.62,1
S00983,2026-12-01,West,Air,Electronics,679.3,19.2,32.4,4.35,4.86,-0.51,414.75,1
S00984,2026-01-01,East,Road,Grocery,312.0,8.1,6.6,3.48,4.67,-1.19,141.24,1
S00985,2026-12-01,North,Rail,Electronics,716.5,25.8,21.9,5.85,6.26,-0.41,234.55,1
S00986,2026-11-01,Central,Sea,Apparel,238.6,20.0,31.8,6.69,5.75,0.94,181.65,0
S00987,2026-07-01,South,Road,Electronics,499.4,69.7,115.1,4.98,6.33,-1.35,636.42,1
S00988,2026-08-01,North,Rail,Grocery,779.2,17.0,28.6,7.01,6.76,0.25,277.25,0
S00989,2026-05-01,South,Sea,Electronics,324.1,42.9,34.8,4.06,6.66,-2.6,325.06,1
S00990,2026-02-01,West,Road,Grocery,323.3,8.8,5.0,3.81,5.01,-1.2,137.45,1
S00991,2026-07-01,West,Road,Furniture,121.5,10.3,10.5,3.87,5.53,-1.66,177.94,1
S00992,2026-10-01,West,Rail,Industrial,244.0,32.1,26.1,7.38,5.8,1.58,213.8,0
S00993,2026-03-01,West,Road,Apparel,471.2,40.6,66.5,2.36,5.94,-3.58,332.68,1
S00994,2026-09-01,South,Road,Grocery,517.8,10.8,4.9,5.12,6.21,-1.09,195.8,1
S00995,2026-09-01,Central,Road,Grocery,566.4,20.4,26.3,6.09,5.11,0.98,351.87,0
S00996,2026-10-01,East,Air,Grocery,84.6,8.2,13.7,0.85,2.59,-1.74,210.88,1
S00997,2026-05-01,West,Road,Furniture,313.0,17.9,31.6,4.1,5.52,-1.41,214.56,1
S00998,2026-05-01,North,Road,Electronics,133.9,34.6,45.3,3.69,4.33,-0.64,260.24,1
S00999,2026-05-01,Central,Air,Industrial,456.0,15.1,26.2,2.6,3.2,-0.6,248.1,1
S01000,2026-11-01,South,Road,Electronics,102.7,17.1,8.6,6.04,4.44,1.6,174.58,0
